fetched_at,VERSION_DATETIME,INTERVAL_DATETIME,REGIONID,POWERMEAN,POWERPOE50,POWERPOELOW,POWERPOEHIGH,LASTCHANGED
2026-08-23T23:40:54.662Z,2026/08/24 09:30:00,2026/08/24 10:00:00,NSW1,3879.24,3900.63,3759.436,3985.197,2026/08/24 09:22:04
2026-08-23T23:40:54.662Z,2026/08/24 09:30:00,2026/08/24 10:30:00,NSW1,4275.177,4301.703,3943.605,4493.194,2026/08/24 09:22:04
2026-08-23T23:40:54.662Z,2026/08/24 09:30:00,2026/08/24 11:00:00,NSW1,4543.477,4558.076,4105.796,4799.448,2026/08/24 09:22:04
2026-08-23T23:40:54.662Z,2026/08/24 09:30:00,2026/08/24 11:30:00,NSW1,4678.229,4687.222,4193.783,4971.6,2026/08/24 09:22:04
2026-08-23T23:40:54.662Z,2026/08/24 09:30:00,2026/08/24 12:00:00,NSW1,4713.556,4701.098,4200.541,5029.38,2026/08/24 09:22:04
2026-08-23T23:40:54.662Z,2026/08/24 09:30:00,2026/08/24 12:30:00,NSW1,4655.471,4617.913,4036.088,4968.612,2026/08/24 09:22:04
2026-08-23T23:40:54.662Z,2026/08/24 09:30:00,2026/08/24 13:00:00,NSW1,4503.528,4474.875,3908.015,4829.019,2026/08/24 09:22:04
2026-08-23T23:40:54.662Z,2026/08/24 09:30:00,2026/08/24 13:30:00,NSW1,4240.501,4220.51,3669.553,4577.486,2026/08/24 09:22:04
2026-08-23T23:40:54.662Z,2026/08/24 09:30:00,2026/08/24 14:00:00,NSW1,3887.318,3885.07,3360.2,4223.327,2026/08/24 09:22:04
2026-08-23T23:40:54.662Z,2026/08/24 09:30:00,2026/08/24 14:30:00,NSW1,3441.226,3445.642,2989.967,3769.474,2026/08/24 09:22:04
2026-08-23T23:40:54.662Z,2026/08/24 09:30:00,2026/08/24 15:00:00,NSW1,2881.018,2899.667,2499.15,3199.769,2026/08/24 09:22:04
2026-08-23T23:40:54.662Z,2026/08/24 09:30:00,2026/08/24 15:30:00,NSW1,2293.699,2311.085,1985.543,2565.784,2026/08/24 09:22:04
2026-08-23T23:40:54.662Z,2026/08/24 09:30:00,2026/08/24 16:00:00,NSW1,1653.38,1667.222,1432.693,1860.021,2026/08/24 09:22:04
2026-08-23T23:40:54.662Z,2026/08/24 09:30:00,2026/08/24 16:30:00,NSW1,998.371,1005.611,871.078,1105.393,2026/08/24 09:22:04
2026-08-23T23:40:54.662Z,2026/08/24 09:30:00,2026/08/24 17:00:00,NSW1,412.011,415.146,358.919,457.495,2026/08/24 09:22:04
2026-08-23T23:40:54.662Z,2026/08/24 09:30:00,2026/08/24 17:30:00,NSW1,36.317,34.758,25.778,50.385,2026/08/24 09:22:04
2026-08-23T23:40:54.662Z,2026/08/24 09:30:00,2026/08/24 18:00:00,NSW1,0,0.228,0,0.272,2026/08/24 09:22:04
2026-08-23T23:40:54.662Z,2026/08/24 09:30:00,2026/08/24 18:30:00,NSW1,0,0,0,0,2026/08/24 09:22:04
2026-08-23T23:40:54.662Z,2026/08/24 09:30:00,2026/08/24 19:00:00,NSW1,0,0,0,0,2026/08/24 09:22:04
2026-08-23T23:40:54.662Z,2026/08/24 09:30:00,2026/08/24 19:30:00,NSW1,0,0,0,0,2026/08/24 09:22:04
2026-08-23T23:40:54.662Z,2026/08/24 09:30:00,2026/08/24 20:00:00,NSW1,0,0,0,0,2026/08/24 09:22:04
2026-08-23T23:40:54.662Z,2026/08/24 09:30:00,2026/08/24 20:30:00,NSW1,0,0,0,0,2026/08/24 09:22:04
2026-08-23T23:40:54.662Z,2026/08/24 09:30:00,2026/08/24 21:00:00,NSW1,0,0,0,0,2026/08/24 09:22:04
2026-08-23T23:40:54.662Z,2026/08/24 09:30:00,2026/08/24 21:30:00,NSW1,0,0,0,0,2026/08/24 09:22:04
2026-08-23T23:40:54.662Z,2026/08/24 09:30:00,2026/08/24 22:00:00,NSW1,0,0,0,0,2026/08/24 09:22:04
2026-08-23T23:40:54.662Z,2026/08/24 09:30:00,2026/08/24 22:30:00,NSW1,0,0,0,0,2026/08/24 09:22:04
2026-08-23T23:40:54.662Z,2026/08/24 09:30:00,2026/08/24 23:00:00,NSW1,0,0,0,0,2026/08/24 09:22:04
2026-08-23T23:40:54.662Z,2026/08/24 09:30:00,2026/08/24 23:30:00,NSW1,0,0,0,0,2026/08/24 09:22:04
2026-08-23T23:40:54.662Z,2026/08/24 09:30:00,2026/08/25 00:00:00,NSW1,0,0,0,0,2026/08/24 09:22:04
2026-08-23T23:40:54.662Z,2026/08/24 09:30:00,2026/08/25 00:30:00,NSW1,0,0,0,0,2026/08/24 09:22:04
2026-08-23T23:40:54.662Z,2026/08/24 09:30:00,2026/08/25 01:00:00,NSW1,0,0,0,0,2026/08/24 09:22:04
2026-08-23T23:40:54.662Z,2026/08/24 09:30:00,2026/08/25 01:30:00,NSW1,0,0,0,0,2026/08/24 09:22:04
2026-08-23T23:40:54.662Z,2026/08/24 09:30:00,2026/08/25 02:00:00,NSW1,0,0,0,0,2026/08/24 09:22:04
2026-08-23T23:40:54.662Z,2026/08/24 09:30:00,2026/08/25 02:30:00,NSW1,0,0,0,0,2026/08/24 09:22:04
2026-08-23T23:40:54.662Z,2026/08/24 09:30:00,2026/08/25 03:00:00,NSW1,0,0,0,0,2026/08/24 09:22:04
2026-08-23T23:40:54.662Z,2026/08/24 09:30:00,2026/08/25 03:30:00,NSW1,0,0,0,0,2026/08/24 09:22:04
2026-08-23T23:40:54.662Z,2026/08/24 09:30:00,2026/08/25 04:00:00,NSW1,0,0,0,0,2026/08/24 09:22:04
2026-08-23T23:40:54.662Z,2026/08/24 09:30:00,2026/08/25 04:30:00,NSW1,0,0,0,0,2026/08/24 09:22:04
2026-08-23T23:40:54.662Z,2026/08/24 09:30:00,2026/08/25 05:00:00,NSW1,0,0,0,0,2026/08/24 09:22:04
2026-08-23T23:40:54.662Z,2026/08/24 09:30:00,2026/08/25 05:30:00,NSW1,0,0,0,0,2026/08/24 09:22:04
2026-08-23T23:40:54.662Z,2026/08/24 09:30:00,2026/08/25 06:00:00,NSW1,0,0,0,0,2026/08/24 09:22:04
2026-08-23T23:40:54.662Z,2026/08/24 09:30:00,2026/08/25 06:30:00,NSW1,0,0.954,0.632,1.106,2026/08/24 09:22:04
2026-08-23T23:40:54.662Z,2026/08/24 09:30:00,2026/08/25 07:00:00,NSW1,25.82,26.117,18.242,39.239,2026/08/24 09:22:04
2026-08-23T23:40:54.662Z,2026/08/24 09:30:00,2026/08/25 07:30:00,NSW1,258.483,251.391,178.562,339.387,2026/08/24 09:22:04
2026-08-23T23:40:54.662Z,2026/08/24 09:30:00,2026/08/25 08:00:00,NSW1,616.067,599.237,430.62,802.371,2026/08/24 09:22:04
2026-08-23T23:40:54.662Z,2026/08/24 09:30:00,2026/08/25 08:30:00,NSW1,1003.976,974.632,692.801,1320.933,2026/08/24 09:22:04
2026-08-23T23:40:54.662Z,2026/08/24 09:30:00,2026/08/25 09:00:00,NSW1,1355.435,1315.525,934.394,1792.683,2026/08/24 09:22:04
2026-08-23T23:40:54.662Z,2026/08/24 09:30:00,2026/08/25 09:30:00,NSW1,1653.75,1606.19,1136.405,2193.801,2026/08/24 09:22:04
2026-08-23T23:40:54.662Z,2026/08/24 09:30:00,2026/08/25 10:00:00,NSW1,1894.175,1830.892,1301.405,2519.432,2026/08/24 09:22:04
2026-08-23T23:40:54.662Z,2026/08/24 09:30:00,2026/08/25 10:30:00,NSW1,2061.806,1989.656,1414.011,2748.527,2026/08/24 09:22:04
2026-08-23T23:40:54.662Z,2026/08/24 09:30:00,2026/08/25 11:00:00,NSW1,2158.233,2075.344,1478.631,2891.462,2026/08/24 09:22:04
2026-08-23T23:40:54.662Z,2026/08/24 09:30:00,2026/08/25 11:30:00,NSW1,2191.61,2112.252,1493.635,2949.998,2026/08/24 09:22:04
2026-08-23T23:40:54.662Z,2026/08/24 09:30:00,2026/08/25 12:00:00,NSW1,2189.485,2114.238,1481,2977.723,2026/08/24 09:22:04
2026-08-23T23:40:54.662Z,2026/08/24 09:30:00,2026/08/25 12:30:00,NSW1,2159.051,2093.055,1450.215,2969.477,2026/08/24 09:22:04
2026-08-23T23:40:54.662Z,2026/08/24 09:30:00,2026/08/25 13:00:00,NSW1,2066.801,2017.822,1386.838,2858.961,2026/08/24 09:22:04
2026-08-23T23:40:54.662Z,2026/08/24 09:30:00,2026/08/25 13:30:00,NSW1,1945.207,1897.812,1293.553,2696.487,2026/08/24 09:22:04
2026-08-23T23:40:54.662Z,2026/08/24 09:30:00,2026/08/25 14:00:00,NSW1,1782.058,1739.977,1185.836,2491.812,2026/08/24 09:22:04
2026-08-23T23:40:54.662Z,2026/08/24 09:30:00,2026/08/25 14:30:00,NSW1,1570.653,1515.534,1052.955,2205.661,2026/08/24 09:22:04
2026-08-23T23:40:54.662Z,2026/08/24 09:30:00,2026/08/25 15:00:00,NSW1,1319.091,1271.292,889.08,1844.666,2026/08/24 09:22:04
2026-08-23T23:40:54.662Z,2026/08/24 09:30:00,2026/08/25 15:30:00,NSW1,1023.517,993.002,698.001,1444.276,2026/08/24 09:22:04
2026-08-23T23:40:54.662Z,2026/08/24 09:30:00,2026/08/25 16:00:00,NSW1,714.789,691.995,482.943,1009.003,2026/08/24 09:22:04
2026-08-23T23:40:54.662Z,2026/08/24 09:30:00,2026/08/25 16:30:00,NSW1,404.384,385.529,273.113,572.505,2026/08/24 09:22:04
2026-08-23T23:40:54.662Z,2026/08/24 09:30:00,2026/08/25 17:00:00,NSW1,129.743,124.705,89.453,195.581,2026/08/24 09:22:04
2026-08-23T23:40:54.662Z,2026/08/24 09:30:00,2026/08/25 17:30:00,NSW1,0,2.839,0.194,3.17,2026/08/24 09:22:04
2026-08-23T23:40:54.662Z,2026/08/24 09:30:00,2026/08/25 18:00:00,NSW1,0,0.179,0.053,0.419,2026/08/24 09:22:04
2026-08-23T23:40:54.662Z,2026/08/24 09:30:00,2026/08/25 18:30:00,NSW1,0,0,0,0,2026/08/24 09:22:04
2026-08-23T23:40:54.662Z,2026/08/24 09:30:00,2026/08/25 19:00:00,NSW1,0,0,0,0,2026/08/24 09:22:04
2026-08-23T23:40:54.662Z,2026/08/24 09:30:00,2026/08/25 19:30:00,NSW1,0,0,0,0,2026/08/24 09:22:04
2026-08-23T23:40:54.662Z,2026/08/24 09:30:00,2026/08/25 20:00:00,NSW1,0,0,0,0,2026/08/24 09:22:04
2026-08-23T23:40:54.662Z,2026/08/24 09:30:00,2026/08/25 20:30:00,NSW1,0,0,0,0,2026/08/24 09:22:04
2026-08-23T23:40:54.662Z,2026/08/24 09:30:00,2026/08/25 21:00:00,NSW1,0,0,0,0,2026/08/24 09:22:04
2026-08-23T23:40:54.662Z,2026/08/24 09:30:00,2026/08/25 21:30:00,NSW1,0,0,0,0,2026/08/24 09:22:04
2026-08-23T23:40:54.662Z,2026/08/24 09:30:00,2026/08/25 22:00:00,NSW1,0,0,0,0,2026/08/24 09:22:04
2026-08-23T23:40:54.662Z,2026/08/24 09:30:00,2026/08/25 22:30:00,NSW1,0,0,0,0,2026/08/24 09:22:04
2026-08-23T23:40:54.662Z,2026/08/24 09:30:00,2026/08/25 23:00:00,NSW1,0,0,0,0,2026/08/24 09:22:04
2026-08-23T23:40:54.662Z,2026/08/24 09:30:00,2026/08/25 23:30:00,NSW1,0,0,0,0,2026/08/24 09:22:04
2026-08-23T23:40:54.662Z,2026/08/24 09:30:00,2026/08/26 00:00:00,NSW1,0,0,0,0,2026/08/24 09:22:04
2026-08-23T23:40:54.662Z,2026/08/24 09:30:00,2026/08/26 00:30:00,NSW1,0,0,0,0,2026/08/24 09:22:04
2026-08-23T23:40:54.662Z,2026/08/24 09:30:00,2026/08/26 01:00:00,NSW1,0,0,0,0,2026/08/24 09:22:04
2026-08-23T23:40:54.662Z,2026/08/24 09:30:00,2026/08/26 01:30:00,NSW1,0,0,0,0,2026/08/24 09:22:04
2026-08-23T23:40:54.662Z,2026/08/24 09:30:00,2026/08/26 02:00:00,NSW1,0,0,0,0,2026/08/24 09:22:04
2026-08-23T23:40:54.662Z,2026/08/24 09:30:00,2026/08/26 02:30:00,NSW1,0,0,0,0,2026/08/24 09:22:04
2026-08-23T23:40:54.662Z,2026/08/24 09:30:00,2026/08/26 03:00:00,NSW1,0,0,0,0,2026/08/24 09:22:04
2026-08-23T23:40:54.662Z,2026/08/24 09:30:00,2026/08/26 03:30:00,NSW1,0,0,0,0,2026/08/24 09:22:04
2026-08-23T23:40:54.662Z,2026/08/24 09:30:00,2026/08/26 04:00:00,NSW1,0,0,0,0,2026/08/24 09:21:58
2026-08-23T23:40:54.662Z,2026/08/24 09:30:00,2026/08/26 04:30:00,NSW1,0,0,0,0,2026/08/24 09:21:58
2026-08-23T23:40:54.662Z,2026/08/24 09:30:00,2026/08/26 05:00:00,NSW1,0,0,0,0,2026/08/24 09:21:58
2026-08-23T23:40:54.662Z,2026/08/24 09:30:00,2026/08/26 05:30:00,NSW1,0,0,0,0,2026/08/24 09:21:58
2026-08-23T23:40:54.662Z,2026/08/24 09:30:00,2026/08/26 06:00:00,NSW1,0,0,0,0,2026/08/24 09:21:58
2026-08-23T23:40:54.662Z,2026/08/24 09:30:00,2026/08/26 06:30:00,NSW1,0,0.279,0,1.409,2026/08/24 09:21:58
2026-08-23T23:40:54.662Z,2026/08/24 09:30:00,2026/08/26 07:00:00,NSW1,21.767,22.278,17.259,31.142,2026/08/24 09:21:58
2026-08-23T23:40:54.662Z,2026/08/24 09:30:00,2026/08/26 07:30:00,NSW1,308.972,313.858,226.111,411.392,2026/08/24 09:21:58
2026-08-23T23:40:54.662Z,2026/08/24 09:30:00,2026/08/26 08:00:00,NSW1,744.997,760.363,569.081,965.128,2026/08/24 09:21:58
2026-08-23T23:40:54.662Z,2026/08/24 09:30:00,2026/08/26 08:30:00,NSW1,1213.113,1237.688,915.151,1584.452,2026/08/24 09:21:58
2026-08-23T23:40:54.662Z,2026/08/24 09:30:00,2026/08/26 09:00:00,NSW1,1658.509,1691.181,1251.951,2163.976,2026/08/24 09:21:58
2026-08-23T23:40:54.662Z,2026/08/24 09:30:00,2026/08/26 09:30:00,NSW1,2066.816,2110.564,1588.562,2679.114,2026/08/24 09:21:58
2026-08-23T23:40:54.662Z,2026/08/24 09:30:00,2026/08/26 10:00:00,NSW1,2424.147,2481.287,1887.326,3122.466,2026/08/24 09:21:58
2026-08-23T23:40:54.662Z,2026/08/24 09:30:00,2026/08/26 10:30:00,NSW1,2721.314,2790.234,2137.2,3478.387,2026/08/24 09:21:58
2026-08-23T23:40:54.662Z,2026/08/24 09:30:00,2026/08/26 11:00:00,NSW1,2940.381,3015.933,2307.582,3721.431,2026/08/24 09:21:58
2026-08-23T23:40:54.662Z,2026/08/24 09:30:00,2026/08/26 11:30:00,NSW1,3089.456,3173.012,2420.004,3868.817,2026/08/24 09:21:58
2026-08-23T23:40:54.662Z,2026/08/24 09:30:00,2026/08/26 12:00:00,NSW1,3208.172,3297.772,2551.98,3986.038,2026/08/24 09:21:58
2026-08-23T23:40:54.662Z,2026/08/24 09:30:00,2026/08/26 12:30:00,NSW1,3298.324,3394.969,2684.235,4043.973,2026/08/24 09:21:58
2026-08-23T23:40:54.662Z,2026/08/24 09:30:00,2026/08/26 13:00:00,NSW1,3313.455,3410.679,2735.948,4020.902,2026/08/24 09:21:58
2026-08-23T23:40:54.662Z,2026/08/24 09:30:00,2026/08/26 13:30:00,NSW1,3236.835,3345.526,2701.092,3893.789,2026/08/24 09:21:58
2026-08-23T23:40:54.662Z,2026/08/24 09:30:00,2026/08/26 14:00:00,NSW1,3079.874,3179.255,2559.787,3683.569,2026/08/24 09:21:58
2026-08-23T23:40:54.662Z,2026/08/24 09:30:00,2026/08/26 14:30:00,NSW1,2827.335,2915.338,2358.011,3360.938,2026/08/24 09:21:58
2026-08-23T23:40:54.662Z,2026/08/24 09:30:00,2026/08/26 15:00:00,NSW1,2449.109,2507.342,2018.687,2901.155,2026/08/24 09:21:58
2026-08-23T23:40:54.662Z,2026/08/24 09:30:00,2026/08/26 15:30:00,NSW1,1955.324,1996.825,1597.686,2336.918,2026/08/24 09:21:58
2026-08-23T23:40:54.662Z,2026/08/24 09:30:00,2026/08/26 16:00:00,NSW1,1422.593,1448.221,1154.316,1713.213,2026/08/24 09:21:58
2026-08-23T23:40:54.662Z,2026/08/24 09:30:00,2026/08/26 16:30:00,NSW1,883.493,902.91,743.707,1042.737,2026/08/24 09:21:58
2026-08-23T23:40:54.662Z,2026/08/24 09:30:00,2026/08/26 17:00:00,NSW1,386.523,397.369,335.635,453.369,2026/08/24 09:21:58
2026-08-23T23:40:54.662Z,2026/08/24 09:30:00,2026/08/26 17:30:00,NSW1,60.661,61.542,43.867,76.554,2026/08/24 09:21:58
2026-08-23T23:40:54.662Z,2026/08/24 09:30:00,2026/08/26 18:00:00,NSW1,0,0,0,0,2026/08/24 09:21:58
2026-08-23T23:40:54.662Z,2026/08/24 09:30:00,2026/08/26 18:30:00,NSW1,0,0,0,0,2026/08/24 09:21:58
2026-08-23T23:40:54.662Z,2026/08/24 09:30:00,2026/08/26 19:00:00,NSW1,0,0,0,0,2026/08/24 09:21:58
2026-08-23T23:40:54.662Z,2026/08/24 09:30:00,2026/08/26 19:30:00,NSW1,0,0,0,0,2026/08/24 09:21:58
2026-08-23T23:40:54.662Z,2026/08/24 09:30:00,2026/08/26 20:00:00,NSW1,0,0,0,0,2026/08/24 09:21:58
2026-08-23T23:40:54.662Z,2026/08/24 09:30:00,2026/08/26 20:30:00,NSW1,0,0,0,0,2026/08/24 09:21:58
2026-08-23T23:40:54.662Z,2026/08/24 09:30:00,2026/08/26 21:00:00,NSW1,0,0,0,0,2026/08/24 09:21:58
2026-08-23T23:40:54.662Z,2026/08/24 09:30:00,2026/08/26 21:30:00,NSW1,0,0,0,0,2026/08/24 09:21:58
2026-08-23T23:40:54.662Z,2026/08/24 09:30:00,2026/08/26 22:00:00,NSW1,0,0,0,0,2026/08/24 09:21:58
2026-08-23T23:40:54.662Z,2026/08/24 09:30:00,2026/08/26 22:30:00,NSW1,0,0,0,0,2026/08/24 09:21:58
2026-08-23T23:40:54.662Z,2026/08/24 09:30:00,2026/08/26 23:00:00,NSW1,0,0,0,0,2026/08/24 09:21:58
2026-08-23T23:40:54.662Z,2026/08/24 09:30:00,2026/08/26 23:30:00,NSW1,0,0,0,0,2026/08/24 09:21:58
2026-08-23T23:40:54.662Z,2026/08/24 09:30:00,2026/08/27 00:00:00,NSW1,0,0,0,0,2026/08/24 09:21:58
2026-08-23T23:40:54.662Z,2026/08/24 09:30:00,2026/08/27 00:30:00,NSW1,0,0,0,0,2026/08/24 09:21:58
2026-08-23T23:40:54.662Z,2026/08/24 09:30:00,2026/08/27 01:00:00,NSW1,0,0,0,0,2026/08/24 09:21:58
2026-08-23T23:40:54.662Z,2026/08/24 09:30:00,2026/08/27 01:30:00,NSW1,0,0,0,0,2026/08/24 09:21:58
2026-08-23T23:40:54.662Z,2026/08/24 09:30:00,2026/08/27 02:00:00,NSW1,0,0,0,0,2026/08/24 09:21:58
2026-08-23T23:40:54.662Z,2026/08/24 09:30:00,2026/08/27 02:30:00,NSW1,0,0,0,0,2026/08/24 09:21:58
2026-08-23T23:40:54.662Z,2026/08/24 09:30:00,2026/08/27 03:00:00,NSW1,0,0,0,0,2026/08/24 09:21:58
2026-08-23T23:40:54.662Z,2026/08/24 09:30:00,2026/08/27 03:30:00,NSW1,0,0,0,0,2026/08/24 09:21:58
2026-08-23T23:40:54.662Z,2026/08/24 09:30:00,2026/08/27 04:00:00,NSW1,0,0,0,0,2026/08/24 09:21:58
2026-08-23T23:40:54.662Z,2026/08/24 09:30:00,2026/08/27 04:30:00,NSW1,0,0,0,0,2026/08/24 09:21:58
2026-08-23T23:40:54.662Z,2026/08/24 09:30:00,2026/08/27 05:00:00,NSW1,0,0,0,0,2026/08/24 09:21:58
2026-08-23T23:40:54.662Z,2026/08/24 09:30:00,2026/08/27 05:30:00,NSW1,0,0,0,0,2026/08/24 09:21:58
2026-08-23T23:40:54.662Z,2026/08/24 09:30:00,2026/08/27 06:00:00,NSW1,0,0,0,0,2026/08/24 09:21:58
2026-08-23T23:40:54.662Z,2026/08/24 09:30:00,2026/08/27 06:30:00,NSW1,0,0,0,5.735,2026/08/24 09:21:58
2026-08-23T23:40:54.662Z,2026/08/24 09:30:00,2026/08/27 07:00:00,NSW1,126.299,131.912,113.469,141.946,2026/08/24 09:21:58
2026-08-23T23:40:54.662Z,2026/08/24 09:30:00,2026/08/27 07:30:00,NSW1,470.268,497.414,426.992,540.613,2026/08/24 09:21:58
2026-08-23T23:40:54.662Z,2026/08/24 09:30:00,2026/08/27 08:00:00,NSW1,985.677,1035.126,883.122,1139.525,2026/08/24 09:21:58
2026-08-23T23:40:54.662Z,2026/08/24 09:30:00,2026/08/27 08:30:00,NSW1,1533.541,1592.579,1333.343,1787.307,2026/08/24 09:21:58
2026-08-23T23:40:54.662Z,2026/08/24 09:30:00,2026/08/27 09:00:00,NSW1,2065.369,2145.94,1798.219,2408.14,2026/08/24 09:21:58
2026-08-23T23:40:54.662Z,2026/08/24 09:30:00,2026/08/27 09:30:00,NSW1,2557.863,2668.938,2242.072,2972.451,2026/08/24 09:21:58
2026-08-23T23:40:54.662Z,2026/08/24 09:30:00,2026/08/27 10:00:00,NSW1,2996.694,3142.535,2663.736,3472.127,2026/08/24 09:21:58
2026-08-23T23:40:54.662Z,2026/08/24 09:30:00,2026/08/27 10:30:00,NSW1,3364.109,3542.129,3025.489,3888.608,2026/08/24 09:21:58
2026-08-23T23:40:54.662Z,2026/08/24 09:30:00,2026/08/27 11:00:00,NSW1,3640.155,3841.946,3293.335,4208.125,2026/08/24 09:21:58
2026-08-23T23:40:54.662Z,2026/08/24 09:30:00,2026/08/27 11:30:00,NSW1,3823.255,4044.11,3481.759,4414.17,2026/08/24 09:21:58
2026-08-23T23:40:54.662Z,2026/08/24 09:30:00,2026/08/27 12:00:00,NSW1,3923.699,4151.958,3600.673,4541.087,2026/08/24 09:21:58
2026-08-23T23:40:54.662Z,2026/08/24 09:30:00,2026/08/27 12:30:00,NSW1,3938.225,4171.008,3610.915,4551.634,2026/08/24 09:21:58
2026-08-23T23:40:54.662Z,2026/08/24 09:30:00,2026/08/27 13:00:00,NSW1,3858.551,4085.585,3537.376,4465.583,2026/08/24 09:21:58
2026-08-23T23:40:54.662Z,2026/08/24 09:30:00,2026/08/27 13:30:00,NSW1,3687.233,3896.379,3365.846,4282.199,2026/08/24 09:21:58
2026-08-23T23:40:54.662Z,2026/08/24 09:30:00,2026/08/27 14:00:00,NSW1,3430.556,3611.967,3116.564,3988.139,2026/08/24 09:21:58
2026-08-23T23:40:54.662Z,2026/08/24 09:30:00,2026/08/27 14:30:00,NSW1,3088.026,3245.819,2785.659,3604.888,2026/08/24 09:21:58
2026-08-23T23:40:54.662Z,2026/08/24 09:30:00,2026/08/27 15:00:00,NSW1,2669.139,2806.821,2403.65,3132.313,2026/08/24 09:21:58
2026-08-23T23:40:54.662Z,2026/08/24 09:30:00,2026/08/27 15:30:00,NSW1,2168.405,2279.791,1936.76,2555.152,2026/08/24 09:21:58
2026-08-23T23:40:54.662Z,2026/08/24 09:30:00,2026/08/27 16:00:00,NSW1,1613.6,1702.351,1448.744,1893.334,2026/08/24 09:21:58
2026-08-23T23:40:54.662Z,2026/08/24 09:30:00,2026/08/27 16:30:00,NSW1,1031.799,1096.551,958.256,1180.868,2026/08/24 09:21:58
2026-08-23T23:40:54.662Z,2026/08/24 09:30:00,2026/08/27 17:00:00,NSW1,477.53,505.041,442.367,539.088,2026/08/24 09:21:58
2026-08-23T23:40:54.662Z,2026/08/24 09:30:00,2026/08/27 17:30:00,NSW1,105.211,109.511,94.735,118.146,2026/08/24 09:21:58
2026-08-23T23:40:54.662Z,2026/08/24 09:30:00,2026/08/27 18:00:00,NSW1,0,1.096,0,6.475,2026/08/24 09:21:58
2026-08-23T23:40:54.662Z,2026/08/24 09:30:00,2026/08/27 18:30:00,NSW1,0,0,0,0,2026/08/24 09:21:58
2026-08-23T23:40:54.662Z,2026/08/24 09:30:00,2026/08/27 19:00:00,NSW1,0,0,0,0,2026/08/24 09:21:58
2026-08-23T23:40:54.662Z,2026/08/24 09:30:00,2026/08/27 19:30:00,NSW1,0,0,0,0,2026/08/24 09:21:58
2026-08-23T23:40:54.662Z,2026/08/24 09:30:00,2026/08/27 20:00:00,NSW1,0,0,0,0,2026/08/24 09:21:58
2026-08-23T23:40:54.662Z,2026/08/24 09:30:00,2026/08/27 20:30:00,NSW1,0,0,0,0,2026/08/24 09:21:58
2026-08-23T23:40:54.662Z,2026/08/24 09:30:00,2026/08/27 21:00:00,NSW1,0,0,0,0,2026/08/24 09:21:58
2026-08-23T23:40:54.662Z,2026/08/24 09:30:00,2026/08/27 21:30:00,NSW1,0,0,0,0,2026/08/24 09:21:58
2026-08-23T23:40:54.662Z,2026/08/24 09:30:00,2026/08/27 22:00:00,NSW1,0,0,0,0,2026/08/24 09:21:58
2026-08-23T23:40:54.662Z,2026/08/24 09:30:00,2026/08/27 22:30:00,NSW1,0,0,0,0,2026/08/24 09:21:58
2026-08-23T23:40:54.662Z,2026/08/24 09:30:00,2026/08/27 23:00:00,NSW1,0,0,0,0,2026/08/24 09:21:58
2026-08-23T23:40:54.662Z,2026/08/24 09:30:00,2026/08/27 23:30:00,NSW1,0,0,0,0,2026/08/24 09:21:58
2026-08-23T23:40:54.662Z,2026/08/24 09:30:00,2026/08/28 00:00:00,NSW1,0,0,0,0,2026/08/24 09:21:58
2026-08-23T23:40:54.662Z,2026/08/24 09:30:00,2026/08/28 00:30:00,NSW1,0,0,0,0,2026/08/24 09:21:58
2026-08-23T23:40:54.662Z,2026/08/24 09:30:00,2026/08/28 01:00:00,NSW1,0,0,0,0,2026/08/24 09:21:58
2026-08-23T23:40:54.662Z,2026/08/24 09:30:00,2026/08/28 01:30:00,NSW1,0,0,0,0,2026/08/24 09:21:58
2026-08-23T23:40:54.662Z,2026/08/24 09:30:00,2026/08/28 02:00:00,NSW1,0,0,0,0,2026/08/24 09:21:58
2026-08-23T23:40:54.662Z,2026/08/24 09:30:00,2026/08/28 02:30:00,NSW1,0,0,0,0,2026/08/24 09:21:58
2026-08-23T23:40:54.662Z,2026/08/24 09:30:00,2026/08/28 03:00:00,NSW1,0,0,0,0,2026/08/24 09:21:58
2026-08-23T23:40:54.662Z,2026/08/24 09:30:00,2026/08/28 03:30:00,NSW1,0,0,0,0,2026/08/24 09:21:58
2026-08-23T23:40:54.662Z,2026/08/24 09:30:00,2026/08/28 04:00:00,NSW1,0,0,0,0,2026/08/24 09:21:58
2026-08-23T23:40:54.662Z,2026/08/24 09:30:00,2026/08/28 04:30:00,NSW1,0,0,0,0,2026/08/24 09:21:58
2026-08-23T23:40:54.662Z,2026/08/24 09:30:00,2026/08/28 05:00:00,NSW1,0,0,0,0,2026/08/24 09:21:58
2026-08-23T23:40:54.662Z,2026/08/24 09:30:00,2026/08/28 05:30:00,NSW1,0,0,0,0,2026/08/24 09:21:58
2026-08-23T23:40:54.662Z,2026/08/24 09:30:00,2026/08/28 06:00:00,NSW1,0,0,0,0,2026/08/24 09:21:58
2026-08-23T23:40:54.662Z,2026/08/24 09:30:00,2026/08/28 06:30:00,NSW1,0,5.587,3.138,12.753,2026/08/24 09:21:58
2026-08-23T23:40:54.662Z,2026/08/24 09:30:00,2026/08/28 07:00:00,NSW1,175.844,175.549,161.474,182.06,2026/08/24 09:21:58
2026-08-23T23:40:54.662Z,2026/08/24 09:30:00,2026/08/28 07:30:00,NSW1,623.724,640.427,542.859,699.904,2026/08/24 09:21:58
2026-08-23T23:40:54.662Z,2026/08/24 09:30:00,2026/08/28 08:00:00,NSW1,1273.782,1331.895,1156.389,1445.579,2026/08/24 09:21:58
2026-08-23T23:40:54.662Z,2026/08/24 09:30:00,2026/08/28 08:30:00,NSW1,1993.699,2105.931,1850.987,2277.606,2026/08/24 09:21:58
2026-08-23T23:40:54.662Z,2026/08/24 09:30:00,2026/08/28 09:00:00,NSW1,2695.698,2844.861,2493.05,3074.343,2026/08/24 09:21:58
2026-08-23T23:40:54.662Z,2026/08/24 09:30:00,2026/08/28 09:30:00,NSW1,3337.35,3502.939,3048.603,3785.976,2026/08/24 09:21:58
2026-08-23T23:40:54.662Z,2026/08/24 09:30:00,2026/08/28 10:00:00,NSW1,3885.441,4062.207,3504.25,4392.207,2026/08/24 09:21:58
2026-08-23T23:40:54.662Z,2026/08/24 09:30:00,2026/08/28 10:30:00,NSW1,4295.727,4481.513,3834.005,4850.823,2026/08/24 09:21:58
2026-08-23T23:40:54.662Z,2026/08/24 09:30:00,2026/08/28 11:00:00,NSW1,4587.603,4784.26,4097.247,5180.369,2026/08/24 09:21:58
2026-08-23T23:40:54.662Z,2026/08/24 09:30:00,2026/08/28 11:30:00,NSW1,4773.638,4981.486,4248.041,5387.138,2026/08/24 09:21:58
2026-08-23T23:40:54.662Z,2026/08/24 09:30:00,2026/08/28 12:00:00,NSW1,4857.867,5069.108,4325.456,5492.305,2026/08/24 09:21:58
2026-08-23T23:40:54.662Z,2026/08/24 09:30:00,2026/08/28 12:30:00,NSW1,4842.238,5059.498,4308.72,5482.481,2026/08/24 09:21:58
2026-08-23T23:40:54.662Z,2026/08/24 09:30:00,2026/08/28 13:00:00,NSW1,4719.399,4936.387,4229.815,5350.507,2026/08/24 09:21:58
2026-08-23T23:40:54.662Z,2026/08/24 09:30:00,2026/08/28 13:30:00,NSW1,4493.791,4707.209,4034.476,5093.521,2026/08/24 09:21:58
2026-08-23T23:40:54.662Z,2026/08/24 09:30:00,2026/08/28 14:00:00,NSW1,4164.693,4372.846,3786.623,4741.265,2026/08/24 09:21:58
2026-08-23T23:40:54.662Z,2026/08/24 09:30:00,2026/08/28 14:30:00,NSW1,3733.378,3932.012,3430.939,4253.677,2026/08/24 09:21:58
2026-08-23T23:40:54.662Z,2026/08/24 09:30:00,2026/08/28 15:00:00,NSW1,3208.762,3386.855,2983.788,3653.396,2026/08/24 09:21:58
2026-08-23T23:40:54.662Z,2026/08/24 09:30:00,2026/08/28 15:30:00,NSW1,2586.225,2735.429,2398.341,2945.917,2026/08/24 09:21:58
2026-08-23T23:40:54.662Z,2026/08/24 09:30:00,2026/08/28 16:00:00,NSW1,1903.575,2008.168,1756.974,2166.762,2026/08/24 09:21:58
2026-08-23T23:40:54.662Z,2026/08/24 09:30:00,2026/08/28 16:30:00,NSW1,1212.465,1256.192,1069.243,1364.41,2026/08/24 09:21:58
2026-08-23T23:40:54.662Z,2026/08/24 09:30:00,2026/08/28 17:00:00,NSW1,580.046,590.522,491.734,644.751,2026/08/24 09:21:58
2026-08-23T23:40:54.662Z,2026/08/24 09:30:00,2026/08/28 17:30:00,NSW1,145.072,141.112,133.834,147.498,2026/08/24 09:21:58
2026-08-23T23:40:54.662Z,2026/08/24 09:30:00,2026/08/28 18:00:00,NSW1,0,6.758,0.151,10.452,2026/08/24 09:21:58
2026-08-23T23:40:54.662Z,2026/08/24 09:30:00,2026/08/28 18:30:00,NSW1,0,0,0,0,2026/08/24 09:21:58
2026-08-23T23:40:54.662Z,2026/08/24 09:30:00,2026/08/28 19:00:00,NSW1,0,0,0,0,2026/08/24 09:21:58
2026-08-23T23:40:54.662Z,2026/08/24 09:30:00,2026/08/28 19:30:00,NSW1,0,0,0,0,2026/08/24 09:21:58
2026-08-23T23:40:54.662Z,2026/08/24 09:30:00,2026/08/28 20:00:00,NSW1,0,0,0,0,2026/08/24 09:21:58
2026-08-23T23:40:54.662Z,2026/08/24 09:30:00,2026/08/28 20:30:00,NSW1,0,0,0,0,2026/08/24 09:21:58
2026-08-23T23:40:54.662Z,2026/08/24 09:30:00,2026/08/28 21:00:00,NSW1,0,0,0,0,2026/08/24 09:21:58
2026-08-23T23:40:54.662Z,2026/08/24 09:30:00,2026/08/28 21:30:00,NSW1,0,0,0,0,2026/08/24 09:21:58
2026-08-23T23:40:54.662Z,2026/08/24 09:30:00,2026/08/28 22:00:00,NSW1,0,0,0,0,2026/08/24 09:21:58
2026-08-23T23:40:54.662Z,2026/08/24 09:30:00,2026/08/28 22:30:00,NSW1,0,0,0,0,2026/08/24 09:21:58
2026-08-23T23:40:54.662Z,2026/08/24 09:30:00,2026/08/28 23:00:00,NSW1,0,0,0,0,2026/08/24 09:21:58
2026-08-23T23:40:54.662Z,2026/08/24 09:30:00,2026/08/28 23:30:00,NSW1,0,0,0,0,2026/08/24 09:21:58
2026-08-23T23:40:54.662Z,2026/08/24 09:30:00,2026/08/29 00:00:00,NSW1,0,0,0,0,2026/08/24 09:21:58
2026-08-23T23:40:54.662Z,2026/08/24 09:30:00,2026/08/29 00:30:00,NSW1,0,0,0,0,2026/08/24 09:21:58
2026-08-23T23:40:54.662Z,2026/08/24 09:30:00,2026/08/29 01:00:00,NSW1,0,0,0,0,2026/08/24 09:21:58
2026-08-23T23:40:54.662Z,2026/08/24 09:30:00,2026/08/29 01:30:00,NSW1,0,0,0,0,2026/08/24 09:21:58
2026-08-23T23:40:54.662Z,2026/08/24 09:30:00,2026/08/29 02:00:00,NSW1,0,0,0,0,2026/08/24 09:21:58
2026-08-23T23:40:54.662Z,2026/08/24 09:30:00,2026/08/29 02:30:00,NSW1,0,0,0,0,2026/08/24 09:21:58
2026-08-23T23:40:54.662Z,2026/08/24 09:30:00,2026/08/29 03:00:00,NSW1,0,0,0,0,2026/08/24 09:21:58
2026-08-23T23:40:54.662Z,2026/08/24 09:30:00,2026/08/29 03:30:00,NSW1,0,0,0,0,2026/08/24 09:21:58
2026-08-23T23:40:54.662Z,2026/08/24 09:30:00,2026/08/29 04:00:00,NSW1,0,0,0,0,2026/08/24 09:21:58
2026-08-23T23:40:54.662Z,2026/08/24 09:30:00,2026/08/29 04:30:00,NSW1,0,0,0,0,2026/08/24 09:21:58
2026-08-23T23:40:54.662Z,2026/08/24 09:30:00,2026/08/29 05:00:00,NSW1,0,0,0,0,2026/08/24 09:21:58
2026-08-23T23:40:54.662Z,2026/08/24 09:30:00,2026/08/29 05:30:00,NSW1,0,0,0,0,2026/08/24 09:21:58
2026-08-23T23:40:54.662Z,2026/08/24 09:30:00,2026/08/29 06:00:00,NSW1,0,0,0,0,2026/08/24 09:21:58
2026-08-23T23:40:54.662Z,2026/08/24 09:30:00,2026/08/29 06:30:00,NSW1,0,2.86,0,3.01,2026/08/24 09:21:58
2026-08-23T23:40:54.662Z,2026/08/24 09:30:00,2026/08/29 07:00:00,NSW1,171.362,173.906,143.018,188.689,2026/08/24 09:21:58
2026-08-23T23:40:54.662Z,2026/08/24 09:30:00,2026/08/29 07:30:00,NSW1,604.359,632.698,549.078,681.982,2026/08/24 09:21:58
2026-08-23T23:40:54.662Z,2026/08/24 09:30:00,2026/08/29 08:00:00,NSW1,1212.981,1282.264,1128.008,1377.955,2026/08/24 09:21:58
2026-08-23T23:40:54.662Z,2026/08/24 09:30:00,2026/08/29 08:30:00,NSW1,1871.942,1984.142,1733.42,2162.705,2026/08/24 09:21:58
2026-08-23T23:40:54.662Z,2026/08/24 09:30:00,2026/08/29 09:00:00,NSW1,2517.402,2665.281,2337.47,2909.093,2026/08/24 09:21:58
2026-08-23T23:40:54.662Z,2026/08/24 09:30:00,2026/08/29 09:30:00,NSW1,3110.123,3292.419,2879.068,3582.178,2026/08/24 09:21:58
2026-08-23T23:40:54.662Z,2026/08/24 09:30:00,2026/08/29 10:00:00,NSW1,3611.125,3818.577,3330.92,4147.321,2026/08/24 09:21:58
2026-08-23T23:40:54.662Z,2026/08/24 09:30:00,2026/08/29 10:30:00,NSW1,3990.149,4218.506,3676.75,4574.226,2026/08/24 09:21:58
2026-08-23T23:40:54.662Z,2026/08/24 09:30:00,2026/08/29 11:00:00,NSW1,4255.886,4496.365,3903.891,4872.886,2026/08/24 09:21:58
2026-08-23T23:40:54.662Z,2026/08/24 09:30:00,2026/08/29 11:30:00,NSW1,4416.315,4677.833,4111.006,5068.429,2026/08/24 09:21:58
2026-08-23T23:40:54.662Z,2026/08/24 09:30:00,2026/08/29 12:00:00,NSW1,4485.874,4748.408,4105.508,5163.388,2026/08/24 09:21:58
2026-08-23T23:40:54.662Z,2026/08/24 09:30:00,2026/08/29 12:30:00,NSW1,4460.906,4718.009,4058.461,5159.077,2026/08/24 09:21:58
2026-08-23T23:40:54.662Z,2026/08/24 09:30:00,2026/08/29 13:00:00,NSW1,4338.736,4596.468,3973.112,5012.333,2026/08/24 09:21:58
2026-08-23T23:40:54.662Z,2026/08/24 09:30:00,2026/08/29 13:30:00,NSW1,4127.295,4385.656,3785.058,4772.37,2026/08/24 09:21:58
2026-08-23T23:40:54.662Z,2026/08/24 09:30:00,2026/08/29 14:00:00,NSW1,3832.199,4086.992,3499.922,4445.787,2026/08/24 09:21:58
2026-08-23T23:40:54.662Z,2026/08/24 09:30:00,2026/08/29 14:30:00,NSW1,3444.035,3688.445,3136.916,4019.026,2026/08/24 09:21:58
2026-08-23T23:40:54.662Z,2026/08/24 09:30:00,2026/08/29 15:00:00,NSW1,2967.539,3187.877,2717.16,3474.002,2026/08/24 09:21:58
2026-08-23T23:40:54.662Z,2026/08/24 09:30:00,2026/08/29 15:30:00,NSW1,2397.433,2582.05,2163.606,2819.646,2026/08/24 09:21:58
2026-08-23T23:40:54.662Z,2026/08/24 09:30:00,2026/08/29 16:00:00,NSW1,1772.365,1904.787,1608.27,2080.779,2026/08/24 09:21:58
2026-08-23T23:40:54.662Z,2026/08/24 09:30:00,2026/08/29 16:30:00,NSW1,1138.575,1209.794,1013.697,1307.656,2026/08/24 09:21:58
2026-08-23T23:40:54.662Z,2026/08/24 09:30:00,2026/08/29 17:00:00,NSW1,544.068,564.628,452.37,618.655,2026/08/24 09:21:58
2026-08-23T23:40:54.662Z,2026/08/24 09:30:00,2026/08/29 17:30:00,NSW1,126.761,128.939,101.151,142.46,2026/08/24 09:21:58
2026-08-23T23:40:54.662Z,2026/08/24 09:30:00,2026/08/29 18:00:00,NSW1,0,0,0,9.338,2026/08/24 09:21:58
2026-08-23T23:40:54.662Z,2026/08/24 09:30:00,2026/08/29 18:30:00,NSW1,0,0,0,0,2026/08/24 09:21:58
2026-08-23T23:40:54.662Z,2026/08/24 09:30:00,2026/08/29 19:00:00,NSW1,0,0,0,0,2026/08/24 09:21:58
2026-08-23T23:40:54.662Z,2026/08/24 09:30:00,2026/08/29 19:30:00,NSW1,0,0,0,0,2026/08/24 09:21:58
2026-08-23T23:40:54.662Z,2026/08/24 09:30:00,2026/08/29 20:00:00,NSW1,0,0,0,0,2026/08/24 09:21:58
2026-08-23T23:40:54.662Z,2026/08/24 09:30:00,2026/08/29 20:30:00,NSW1,0,0,0,0,2026/08/24 09:21:58
2026-08-23T23:40:54.662Z,2026/08/24 09:30:00,2026/08/29 21:00:00,NSW1,0,0,0,0,2026/08/24 09:21:58
2026-08-23T23:40:54.662Z,2026/08/24 09:30:00,2026/08/29 21:30:00,NSW1,0,0,0,0,2026/08/24 09:21:58
2026-08-23T23:40:54.662Z,2026/08/24 09:30:00,2026/08/29 22:00:00,NSW1,0,0,0,0,2026/08/24 09:21:58
2026-08-23T23:40:54.662Z,2026/08/24 09:30:00,2026/08/29 22:30:00,NSW1,0,0,0,0,2026/08/24 09:21:58
2026-08-23T23:40:54.662Z,2026/08/24 09:30:00,2026/08/29 23:00:00,NSW1,0,0,0,0,2026/08/24 09:21:58
2026-08-23T23:40:54.662Z,2026/08/24 09:30:00,2026/08/29 23:30:00,NSW1,0,0,0,0,2026/08/24 09:21:58
2026-08-23T23:40:54.662Z,2026/08/24 09:30:00,2026/08/30 00:00:00,NSW1,0,0,0,0,2026/08/24 09:21:58
2026-08-23T23:40:54.662Z,2026/08/24 09:30:00,2026/08/30 00:30:00,NSW1,0,0,0,0,2026/08/24 09:21:58
2026-08-23T23:40:54.662Z,2026/08/24 09:30:00,2026/08/30 01:00:00,NSW1,0,0,0,0,2026/08/24 09:21:58
2026-08-23T23:40:54.662Z,2026/08/24 09:30:00,2026/08/30 01:30:00,NSW1,0,0,0,0,2026/08/24 09:21:58
2026-08-23T23:40:54.662Z,2026/08/24 09:30:00,2026/08/30 02:00:00,NSW1,0,0,0,0,2026/08/24 09:21:58
2026-08-23T23:40:54.662Z,2026/08/24 09:30:00,2026/08/30 02:30:00,NSW1,0,0,0,0,2026/08/24 09:21:58
2026-08-23T23:40:54.662Z,2026/08/24 09:30:00,2026/08/30 03:00:00,NSW1,0,0,0,0,2026/08/24 09:21:58
2026-08-23T23:40:54.662Z,2026/08/24 09:30:00,2026/08/30 03:30:00,NSW1,0,0,0,0,2026/08/24 09:21:58
2026-08-23T23:40:54.662Z,2026/08/24 09:30:00,2026/08/30 04:00:00,NSW1,0,0,0,0,2026/08/24 09:21:58
2026-08-23T23:40:54.662Z,2026/08/24 09:30:00,2026/08/30 04:30:00,NSW1,0,0,0,0,2026/08/24 09:21:58
2026-08-23T23:40:54.662Z,2026/08/24 09:30:00,2026/08/30 05:00:00,NSW1,0,0,0,0,2026/08/24 09:21:58
2026-08-23T23:40:54.662Z,2026/08/24 09:30:00,2026/08/30 05:30:00,NSW1,0,0,0,0,2026/08/24 09:21:58
2026-08-23T23:40:54.662Z,2026/08/24 09:30:00,2026/08/30 06:00:00,NSW1,0,0,0,0,2026/08/24 09:21:58
2026-08-23T23:40:54.662Z,2026/08/24 09:30:00,2026/08/30 06:30:00,NSW1,0,14.071,12.861,19.18,2026/08/24 09:21:58
2026-08-23T23:40:54.662Z,2026/08/24 09:30:00,2026/08/30 07:00:00,NSW1,157.604,166.883,132.45,182.492,2026/08/24 09:21:58
2026-08-23T23:40:54.662Z,2026/08/24 09:30:00,2026/08/30 07:30:00,NSW1,572.333,621.351,519.13,676.817,2026/08/24 09:21:58
2026-08-23T23:40:54.662Z,2026/08/24 09:30:00,2026/08/30 08:00:00,NSW1,1147.003,1251.132,1042.525,1375.379,2026/08/24 09:21:58
2026-08-23T23:40:54.662Z,2026/08/24 09:30:00,2026/08/30 08:30:00,NSW1,1741.363,1891.38,1560.903,2126.404,2026/08/24 09:21:58
2026-08-23T23:40:54.662Z,2026/08/24 09:30:00,2026/08/30 09:00:00,NSW1,2314.344,2511.389,2084.147,2824.409,2026/08/24 09:21:58
2026-08-23T23:40:54.662Z,2026/08/24 09:30:00,2026/08/30 09:30:00,NSW1,2838.056,3070.434,2572.54,3438.485,2026/08/24 09:21:58
2026-08-23T23:40:54.662Z,2026/08/24 09:30:00,2026/08/30 10:00:00,NSW1,3281.336,3552.679,2980.704,3952.634,2026/08/24 09:21:58
2026-08-23T23:40:54.662Z,2026/08/24 09:30:00,2026/08/30 10:30:00,NSW1,3619.932,3919.977,3292.014,4354.661,2026/08/24 09:21:58
2026-08-23T23:40:54.662Z,2026/08/24 09:30:00,2026/08/30 11:00:00,NSW1,3854.29,4159.501,3449.074,4624.087,2026/08/24 09:21:58
2026-08-23T23:40:54.662Z,2026/08/24 09:30:00,2026/08/30 11:30:00,NSW1,3995.679,4307.865,3557.604,4788.531,2026/08/24 09:21:58
2026-08-23T23:40:54.662Z,2026/08/24 09:30:00,2026/08/30 12:00:00,NSW1,4064.637,4387.668,3632.539,4867.486,2026/08/24 09:21:58
2026-08-23T23:40:54.662Z,2026/08/24 09:30:00,2026/08/30 12:30:00,NSW1,4050.428,4358.811,3612.641,4842.897,2026/08/24 09:21:58
2026-08-23T23:40:54.662Z,2026/08/24 09:30:00,2026/08/30 13:00:00,NSW1,3938.963,4249.317,3520.005,4724.879,2026/08/24 09:21:58
2026-08-23T23:40:54.662Z,2026/08/24 09:30:00,2026/08/30 13:30:00,NSW1,3751.466,4040.546,3310.071,4512.651,2026/08/24 09:21:58
2026-08-23T23:40:54.662Z,2026/08/24 09:30:00,2026/08/30 14:00:00,NSW1,3485.569,3755.001,3059.945,4207.979,2026/08/24 09:21:58
2026-08-23T23:40:54.662Z,2026/08/24 09:30:00,2026/08/30 14:30:00,NSW1,3134.775,3383.946,2727.931,3802.896,2026/08/24 09:21:58
2026-08-23T23:40:54.662Z,2026/08/24 09:30:00,2026/08/30 15:00:00,NSW1,2701.366,2906.829,2347.631,3291.681,2026/08/24 09:21:58
2026-08-23T23:40:54.662Z,2026/08/24 09:30:00,2026/08/30 15:30:00,NSW1,2199.929,2374.145,1917.162,2694.297,2026/08/24 09:21:58
2026-08-23T23:40:54.662Z,2026/08/24 09:30:00,2026/08/30 16:00:00,NSW1,1652.364,1788.334,1480.681,2006.526,2026/08/24 09:21:58
2026-08-23T23:40:54.662Z,2026/08/24 09:30:00,2026/08/30 16:30:00,NSW1,1076.846,1175.451,999.568,1260.532,2026/08/24 09:21:58
2026-08-23T23:40:54.662Z,2026/08/24 09:30:00,2026/08/30 17:00:00,NSW1,515.291,555.07,456.132,588.548,2026/08/24 09:21:58
2026-08-23T23:40:54.662Z,2026/08/24 09:30:00,2026/08/30 17:30:00,NSW1,126.508,130.178,96.88,141.772,2026/08/24 09:21:58
2026-08-23T23:40:54.662Z,2026/08/24 09:30:00,2026/08/30 18:00:00,NSW1,0,14.16,11.062,18.359,2026/08/24 09:21:58
2026-08-23T23:40:54.662Z,2026/08/24 09:30:00,2026/08/30 18:30:00,NSW1,0,0,0,0,2026/08/24 09:21:58
2026-08-23T23:40:54.662Z,2026/08/24 09:30:00,2026/08/30 19:00:00,NSW1,0,0,0,0,2026/08/24 09:21:58
2026-08-23T23:40:54.662Z,2026/08/24 09:30:00,2026/08/30 19:30:00,NSW1,0,0,0,0,2026/08/24 09:21:58
2026-08-23T23:40:54.662Z,2026/08/24 09:30:00,2026/08/30 20:00:00,NSW1,0,0,0,0,2026/08/24 09:21:58
2026-08-23T23:40:54.662Z,2026/08/24 09:30:00,2026/08/30 20:30:00,NSW1,0,0,0,0,2026/08/24 09:21:58
2026-08-23T23:40:54.662Z,2026/08/24 09:30:00,2026/08/30 21:00:00,NSW1,0,0,0,0,2026/08/24 09:21:58
2026-08-23T23:40:54.662Z,2026/08/24 09:30:00,2026/08/30 21:30:00,NSW1,0,0,0,0,2026/08/24 09:21:58
2026-08-23T23:40:54.662Z,2026/08/24 09:30:00,2026/08/30 22:00:00,NSW1,0,0,0,0,2026/08/24 09:21:58
2026-08-23T23:40:54.662Z,2026/08/24 09:30:00,2026/08/30 22:30:00,NSW1,0,0,0,0,2026/08/24 09:21:58
2026-08-23T23:40:54.662Z,2026/08/24 09:30:00,2026/08/30 23:00:00,NSW1,0,0,0,0,2026/08/24 09:21:58
2026-08-23T23:40:54.662Z,2026/08/24 09:30:00,2026/08/30 23:30:00,NSW1,0,0,0,0,2026/08/24 09:21:58
2026-08-23T23:40:54.662Z,2026/08/24 09:30:00,2026/08/31 00:00:00,NSW1,0,0,0,0,2026/08/24 09:21:58
2026-08-23T23:40:54.662Z,2026/08/24 09:30:00,2026/08/31 00:30:00,NSW1,0,0,0,0,2026/08/24 09:21:58
2026-08-23T23:40:54.662Z,2026/08/24 09:30:00,2026/08/31 01:00:00,NSW1,0,0,0,0,2026/08/24 09:21:58
2026-08-23T23:40:54.662Z,2026/08/24 09:30:00,2026/08/31 01:30:00,NSW1,0,0,0,0,2026/08/24 09:21:58
2026-08-23T23:40:54.662Z,2026/08/24 09:30:00,2026/08/31 02:00:00,NSW1,0,0,0,0,2026/08/24 09:21:58
2026-08-23T23:40:54.662Z,2026/08/24 09:30:00,2026/08/31 02:30:00,NSW1,0,0,0,0,2026/08/24 09:21:58
2026-08-23T23:40:54.662Z,2026/08/24 09:30:00,2026/08/31 03:00:00,NSW1,0,0,0,0,2026/08/24 09:21:58
2026-08-23T23:40:54.662Z,2026/08/24 09:30:00,2026/08/31 03:30:00,NSW1,0,0,0,0,2026/08/24 09:21:58
2026-08-23T23:40:54.662Z,2026/08/24 09:30:00,2026/08/31 04:00:00,NSW1,0,0,0,0,2026/08/24 09:21:58
2026-08-23T23:40:54.662Z,2026/08/24 09:30:00,2026/08/31 04:30:00,NSW1,0,0,0,0,2026/08/24 09:21:58
2026-08-23T23:40:54.662Z,2026/08/24 09:30:00,2026/08/31 05:00:00,NSW1,0,0,0,0,2026/08/24 09:21:58
2026-08-23T23:40:54.662Z,2026/08/24 09:30:00,2026/08/31 05:30:00,NSW1,0,0,0,0,2026/08/24 09:21:58
2026-08-23T23:40:54.662Z,2026/08/24 09:30:00,2026/08/31 06:00:00,NSW1,0,0,0,0,2026/08/24 09:21:58
2026-08-23T23:40:54.662Z,2026/08/24 09:30:00,2026/08/31 06:30:00,NSW1,0,0,0,18.001,2026/08/24 09:21:58
2026-08-23T23:40:54.662Z,2026/08/24 09:30:00,2026/08/31 07:00:00,NSW1,198.584,202.713,131.254,223.421,2026/08/24 09:21:58
2026-08-23T23:40:54.662Z,2026/08/24 09:30:00,2026/08/31 07:30:00,NSW1,680.268,709.949,512.228,773.349,2026/08/24 09:21:58
2026-08-23T23:40:54.662Z,2026/08/24 09:30:00,2026/08/31 08:00:00,NSW1,1339.341,1406.804,1089.47,1522.785,2026/08/24 09:21:58
2026-08-23T23:40:54.662Z,2026/08/24 09:30:00,2026/08/31 08:30:00,NSW1,2030.353,2149.242,1738.417,2314.878,2026/08/24 09:21:58
2026-08-23T23:40:54.662Z,2026/08/24 09:30:00,2026/08/31 09:00:00,NSW1,2695.583,2851.623,2304.723,3075.29,2026/08/24 09:21:58
2026-08-23T23:40:54.662Z,2026/08/24 09:30:00,2026/08/31 09:30:00,NSW1,3284.913,3468.596,2804.145,3746.969,2026/08/24 09:21:58
2026-08-23T23:40:54.662Z,2026/08/24 09:30:00,2026/08/31 10:00:00,NSW1,3799.297,3937.492,3218.53,4263.077,2026/08/24 09:21:58
2026-08-23T23:40:54.662Z,2026/08/24 09:30:00,2026/08/31 10:30:00,NSW1,4180.471,4337.87,3536.894,4698.434,2026/08/24 09:21:58
2026-08-23T23:40:54.662Z,2026/08/24 09:30:00,2026/08/31 11:00:00,NSW1,4445.238,4630.064,3793.633,5018.152,2026/08/24 09:21:58
2026-08-23T23:40:54.662Z,2026/08/24 09:30:00,2026/08/31 11:30:00,NSW1,4603.042,4798.354,3873.735,5188.254,2026/08/24 09:21:58
2026-08-23T23:40:54.662Z,2026/08/24 09:30:00,2026/08/31 12:00:00,NSW1,4673.055,4870.39,3904.22,5273.003,2026/08/24 09:21:58
2026-08-23T23:40:54.662Z,2026/08/24 09:30:00,2026/08/31 12:30:00,NSW1,4655.08,4859.846,3847.328,5255.692,2026/08/24 09:21:58
2026-08-23T23:40:54.662Z,2026/08/24 09:30:00,2026/08/31 13:00:00,NSW1,4522.044,4739.2,3736.046,5111.335,2026/08/24 09:21:58
2026-08-23T23:40:54.662Z,2026/08/24 09:30:00,2026/08/31 13:30:00,NSW1,4300.17,4534.489,3564.736,4921.286,2026/08/24 09:21:58
2026-08-23T23:40:54.662Z,2026/08/24 09:30:00,2026/08/31 14:00:00,NSW1,3976.633,4206.907,3309.375,4540.021,2026/08/24 09:21:58
2026-08-23T23:40:54.662Z,2026/08/24 09:30:00,2026/08/31 14:30:00,NSW1,3563.067,3795.358,2980.201,4088.744,2026/08/24 09:21:58
2026-08-23T23:40:54.662Z,2026/08/24 09:30:00,2026/08/31 15:00:00,NSW1,3050.637,3255.026,2544.65,3537.229,2026/08/24 09:21:58
2026-08-23T23:40:54.662Z,2026/08/24 09:30:00,2026/08/31 15:30:00,NSW1,2462.728,2632.872,2053.103,2880.922,2026/08/24 09:21:58
2026-08-23T23:40:54.662Z,2026/08/24 09:30:00,2026/08/31 16:00:00,NSW1,1820.544,1953.721,1525.393,2141.182,2026/08/24 09:21:58
2026-08-23T23:40:54.662Z,2026/08/24 09:30:00,2026/08/31 16:30:00,NSW1,1164.098,1238.48,947.597,1347.321,2026/08/24 09:21:58
2026-08-23T23:40:54.662Z,2026/08/24 09:30:00,2026/08/31 17:00:00,NSW1,555.657,579.504,422.66,639.474,2026/08/24 09:21:58
2026-08-23T23:40:54.662Z,2026/08/24 09:30:00,2026/08/31 17:30:00,NSW1,136.088,136.415,90.736,154.916,2026/08/24 09:21:58
2026-08-23T23:40:54.662Z,2026/08/24 09:30:00,2026/08/31 18:00:00,NSW1,0,40.8,25.188,40.8,2026/08/24 09:21:58
2026-08-23T23:40:54.662Z,2026/08/24 09:30:00,2026/08/31 18:30:00,NSW1,0,0,0,0,2026/08/24 09:21:58
2026-08-23T23:40:54.662Z,2026/08/24 09:30:00,2026/08/31 19:00:00,NSW1,0,0,0,0,2026/08/24 09:21:58
2026-08-23T23:40:54.662Z,2026/08/24 09:30:00,2026/08/31 19:30:00,NSW1,0,0,0,0,2026/08/24 09:21:58
2026-08-23T23:40:54.662Z,2026/08/24 09:30:00,2026/08/31 20:00:00,NSW1,0,0,0,0,2026/08/24 09:21:58
2026-08-23T23:40:54.662Z,2026/08/24 09:30:00,2026/08/31 20:30:00,NSW1,0,0,0,0,2026/08/24 09:21:58
2026-08-23T23:40:54.662Z,2026/08/24 09:30:00,2026/08/31 21:00:00,NSW1,0,0,0,0,2026/08/24 09:21:58
2026-08-23T23:40:54.662Z,2026/08/24 09:30:00,2026/08/31 21:30:00,NSW1,0,0,0,0,2026/08/24 09:21:58
2026-08-23T23:40:54.662Z,2026/08/24 09:30:00,2026/08/31 22:00:00,NSW1,0,0,0,0,2026/08/24 09:21:58
2026-08-23T23:40:54.662Z,2026/08/24 09:30:00,2026/08/31 22:30:00,NSW1,0,0,0,0,2026/08/24 09:21:58
2026-08-23T23:40:54.662Z,2026/08/24 09:30:00,2026/08/31 23:00:00,NSW1,0,0,0,0,2026/08/24 09:21:58
2026-08-23T23:40:54.662Z,2026/08/24 09:30:00,2026/08/31 23:30:00,NSW1,0,0,0,0,2026/08/24 09:21:58
2026-08-23T23:40:54.662Z,2026/08/24 09:30:00,2026/09/01 00:00:00,NSW1,0,0,0,0,2026/08/24 09:21:58
2026-08-23T23:40:54.662Z,2026/08/24 09:30:00,2026/09/01 00:30:00,NSW1,0,0,0,0,2026/08/24 09:21:58
2026-08-23T23:40:54.662Z,2026/08/24 09:30:00,2026/09/01 01:00:00,NSW1,0,0,0,0,2026/08/24 09:21:58
2026-08-23T23:40:54.662Z,2026/08/24 09:30:00,2026/09/01 01:30:00,NSW1,0,0,0,0,2026/08/24 09:21:58
2026-08-23T23:40:54.662Z,2026/08/24 09:30:00,2026/09/01 02:00:00,NSW1,0,0,0,0,2026/08/24 09:21:58
2026-08-23T23:40:54.662Z,2026/08/24 09:30:00,2026/09/01 02:30:00,NSW1,0,0,0,0,2026/08/24 09:21:58
2026-08-23T23:40:54.662Z,2026/08/24 09:30:00,2026/09/01 03:00:00,NSW1,0,0,0,0,2026/08/24 09:21:58
2026-08-23T23:40:54.662Z,2026/08/24 09:30:00,2026/09/01 03:30:00,NSW1,0,0,0,0,2026/08/24 09:21:58
2026-08-23T23:40:54.662Z,2026/08/24 09:30:00,2026/09/01 04:00:00,NSW1,0,0,0,0,2026/08/24 09:21:58
2026-08-23T23:40:54.662Z,2026/08/24 09:30:00,2026/08/24 10:00:00,QLD1,2825.109,2817.226,2552.815,3086.819,2026/08/24 09:22:04
2026-08-23T23:40:54.662Z,2026/08/24 09:30:00,2026/08/24 10:30:00,QLD1,3087.883,3050.323,2628.292,3441.063,2026/08/24 09:22:04
2026-08-23T23:40:54.662Z,2026/08/24 09:30:00,2026/08/24 11:00:00,QLD1,3264.348,3204.812,2739.343,3636.87,2026/08/24 09:22:04
2026-08-23T23:40:54.662Z,2026/08/24 09:30:00,2026/08/24 11:30:00,QLD1,3328.893,3246.436,2762.143,3735.885,2026/08/24 09:22:04
2026-08-23T23:40:54.662Z,2026/08/24 09:30:00,2026/08/24 12:00:00,QLD1,3359.839,3255.693,2761.914,3777.972,2026/08/24 09:22:04
2026-08-23T23:40:54.662Z,2026/08/24 09:30:00,2026/08/24 12:30:00,QLD1,3557.368,3441.621,2905.044,3944.404,2026/08/24 09:22:04
2026-08-23T23:40:54.662Z,2026/08/24 09:30:00,2026/08/24 13:00:00,QLD1,3483.246,3384.194,2835.153,3863.582,2026/08/24 09:22:04
2026-08-23T23:40:54.662Z,2026/08/24 09:30:00,2026/08/24 13:30:00,QLD1,3350.08,3256.047,2729.404,3725.825,2026/08/24 09:22:04
2026-08-23T23:40:54.662Z,2026/08/24 09:30:00,2026/08/24 14:00:00,QLD1,3145.561,3065.047,2562.161,3510.939,2026/08/24 09:22:04
2026-08-23T23:40:54.662Z,2026/08/24 09:30:00,2026/08/24 14:30:00,QLD1,2847.714,2788.253,2311.617,3196.441,2026/08/24 09:22:04
2026-08-23T23:40:54.662Z,2026/08/24 09:30:00,2026/08/24 15:00:00,QLD1,2442.113,2392.485,1971.882,2763.312,2026/08/24 09:22:04
2026-08-23T23:40:54.662Z,2026/08/24 09:30:00,2026/08/24 15:30:00,QLD1,1978.434,1931.576,1570.47,2260.762,2026/08/24 09:22:04
2026-08-23T23:40:54.662Z,2026/08/24 09:30:00,2026/08/24 16:00:00,QLD1,1443.892,1402.948,1124.34,1678.169,2026/08/24 09:22:04
2026-08-23T23:40:54.662Z,2026/08/24 09:30:00,2026/08/24 16:30:00,QLD1,906.243,882.077,699.815,1061.5,2026/08/24 09:22:04
2026-08-23T23:40:54.662Z,2026/08/24 09:30:00,2026/08/24 17:00:00,QLD1,426.976,414.369,327.959,502.653,2026/08/24 09:22:04
2026-08-23T23:40:54.662Z,2026/08/24 09:30:00,2026/08/24 17:30:00,QLD1,112.765,109.959,88.515,130.844,2026/08/24 09:22:04
2026-08-23T23:40:54.662Z,2026/08/24 09:30:00,2026/08/24 18:00:00,QLD1,0,1.535,0,1.589,2026/08/24 09:22:04
2026-08-23T23:40:54.662Z,2026/08/24 09:30:00,2026/08/24 18:30:00,QLD1,0,0.183,0,0.184,2026/08/24 09:22:04
2026-08-23T23:40:54.662Z,2026/08/24 09:30:00,2026/08/24 19:00:00,QLD1,0,0,0,0,2026/08/24 09:22:04
2026-08-23T23:40:54.662Z,2026/08/24 09:30:00,2026/08/24 19:30:00,QLD1,0,0,0,0,2026/08/24 09:22:04
2026-08-23T23:40:54.662Z,2026/08/24 09:30:00,2026/08/24 20:00:00,QLD1,0,0,0,0,2026/08/24 09:22:04
2026-08-23T23:40:54.662Z,2026/08/24 09:30:00,2026/08/24 20:30:00,QLD1,0,0,0,0,2026/08/24 09:22:04
2026-08-23T23:40:54.662Z,2026/08/24 09:30:00,2026/08/24 21:00:00,QLD1,0,0,0,0,2026/08/24 09:22:04
2026-08-23T23:40:54.662Z,2026/08/24 09:30:00,2026/08/24 21:30:00,QLD1,0,0,0,0,2026/08/24 09:22:04
2026-08-23T23:40:54.662Z,2026/08/24 09:30:00,2026/08/24 22:00:00,QLD1,0,0,0,0,2026/08/24 09:22:04
2026-08-23T23:40:54.662Z,2026/08/24 09:30:00,2026/08/24 22:30:00,QLD1,0,0,0,0,2026/08/24 09:22:04
2026-08-23T23:40:54.662Z,2026/08/24 09:30:00,2026/08/24 23:00:00,QLD1,0,0,0,0,2026/08/24 09:22:04
2026-08-23T23:40:54.662Z,2026/08/24 09:30:00,2026/08/24 23:30:00,QLD1,0,0,0,0,2026/08/24 09:22:04
2026-08-23T23:40:54.662Z,2026/08/24 09:30:00,2026/08/25 00:00:00,QLD1,0,0,0,0,2026/08/24 09:22:04
2026-08-23T23:40:54.662Z,2026/08/24 09:30:00,2026/08/25 00:30:00,QLD1,0,0,0,0,2026/08/24 09:22:04
2026-08-23T23:40:54.662Z,2026/08/24 09:30:00,2026/08/25 01:00:00,QLD1,0,0,0,0,2026/08/24 09:22:04
2026-08-23T23:40:54.662Z,2026/08/24 09:30:00,2026/08/25 01:30:00,QLD1,0,0,0,0,2026/08/24 09:22:04
2026-08-23T23:40:54.662Z,2026/08/24 09:30:00,2026/08/25 02:00:00,QLD1,0,0,0,0,2026/08/24 09:22:04
2026-08-23T23:40:54.662Z,2026/08/24 09:30:00,2026/08/25 02:30:00,QLD1,0,0,0,0,2026/08/24 09:22:04
2026-08-23T23:40:54.662Z,2026/08/24 09:30:00,2026/08/25 03:00:00,QLD1,0,0,0,0,2026/08/24 09:22:04
2026-08-23T23:40:54.662Z,2026/08/24 09:30:00,2026/08/25 03:30:00,QLD1,0,0,0,0,2026/08/24 09:22:04
2026-08-23T23:40:54.662Z,2026/08/24 09:30:00,2026/08/25 04:00:00,QLD1,0,0,0,0,2026/08/24 09:22:04
2026-08-23T23:40:54.662Z,2026/08/24 09:30:00,2026/08/25 04:30:00,QLD1,0,0,0,0,2026/08/24 09:22:04
2026-08-23T23:40:54.662Z,2026/08/24 09:30:00,2026/08/25 05:00:00,QLD1,0,0,0,0,2026/08/24 09:22:04
2026-08-23T23:40:54.662Z,2026/08/24 09:30:00,2026/08/25 05:30:00,QLD1,0,0,0,0,2026/08/24 09:22:04
2026-08-23T23:40:54.662Z,2026/08/24 09:30:00,2026/08/25 06:00:00,QLD1,0,0,0,0,2026/08/24 09:22:04
2026-08-23T23:40:54.662Z,2026/08/24 09:30:00,2026/08/25 06:30:00,QLD1,0,0.97,0,2.587,2026/08/24 09:22:04
2026-08-23T23:40:54.662Z,2026/08/24 09:30:00,2026/08/25 07:00:00,QLD1,201.535,194.597,151.511,233.303,2026/08/24 09:22:04
2026-08-23T23:40:54.662Z,2026/08/24 09:30:00,2026/08/25 07:30:00,QLD1,660.631,642.885,517.277,743.327,2026/08/24 09:22:04
2026-08-23T23:40:54.662Z,2026/08/24 09:30:00,2026/08/25 08:00:00,QLD1,1259.218,1231.437,1009.13,1399.578,2026/08/24 09:22:04
2026-08-23T23:40:54.662Z,2026/08/24 09:30:00,2026/08/25 08:30:00,QLD1,1892.082,1854.382,1544.053,2083.041,2026/08/24 09:22:04
2026-08-23T23:40:54.662Z,2026/08/24 09:30:00,2026/08/25 09:00:00,QLD1,2470.734,2432.508,2049.135,2700.951,2026/08/24 09:22:04
2026-08-23T23:40:54.662Z,2026/08/24 09:30:00,2026/08/25 09:30:00,QLD1,2959.69,2915.617,2468.872,3220.568,2026/08/24 09:22:04
2026-08-23T23:40:54.662Z,2026/08/24 09:30:00,2026/08/25 10:00:00,QLD1,3343.297,3298.928,2795.257,3625.015,2026/08/24 09:22:04
2026-08-23T23:40:54.662Z,2026/08/24 09:30:00,2026/08/25 10:30:00,QLD1,3607.671,3566.027,3021.188,3917.993,2026/08/24 09:22:04
2026-08-23T23:40:54.662Z,2026/08/24 09:30:00,2026/08/25 11:00:00,QLD1,3779.858,3737.866,3167.609,4108.165,2026/08/24 09:22:04
2026-08-23T23:40:54.662Z,2026/08/24 09:30:00,2026/08/25 11:30:00,QLD1,3860.975,3816.227,3239.112,4204.923,2026/08/24 09:22:04
2026-08-23T23:40:54.662Z,2026/08/24 09:30:00,2026/08/25 12:00:00,QLD1,3890.972,3840.433,3256.364,4247.147,2026/08/24 09:22:04
2026-08-23T23:40:54.662Z,2026/08/24 09:30:00,2026/08/25 12:30:00,QLD1,3889.677,3843.024,3256.848,4252.967,2026/08/24 09:22:04
2026-08-23T23:40:54.662Z,2026/08/24 09:30:00,2026/08/25 13:00:00,QLD1,3780.325,3732.434,3148.81,4151.165,2026/08/24 09:22:04
2026-08-23T23:40:54.662Z,2026/08/24 09:30:00,2026/08/25 13:30:00,QLD1,3605.706,3568.552,3032.948,3981.35,2026/08/24 09:22:04
2026-08-23T23:40:54.662Z,2026/08/24 09:30:00,2026/08/25 14:00:00,QLD1,3348.071,3303.864,2751.298,3719.626,2026/08/24 09:22:04
2026-08-23T23:40:54.662Z,2026/08/24 09:30:00,2026/08/25 14:30:00,QLD1,2995.191,2962.043,2427.433,3349.642,2026/08/24 09:22:04
2026-08-23T23:40:54.662Z,2026/08/24 09:30:00,2026/08/25 15:00:00,QLD1,2564.88,2527.011,2009.725,2888.354,2026/08/24 09:22:04
2026-08-23T23:40:54.662Z,2026/08/24 09:30:00,2026/08/25 15:30:00,QLD1,2070.211,2036.763,1583.654,2363.386,2026/08/24 09:22:04
2026-08-23T23:40:54.662Z,2026/08/24 09:30:00,2026/08/25 16:00:00,QLD1,1505.133,1464.52,1115.942,1755.556,2026/08/24 09:22:04
2026-08-23T23:40:54.662Z,2026/08/24 09:30:00,2026/08/25 16:30:00,QLD1,936.917,903.626,684.157,1100.122,2026/08/24 09:22:04
2026-08-23T23:40:54.662Z,2026/08/24 09:30:00,2026/08/25 17:00:00,QLD1,433.068,415.738,309.034,515.157,2026/08/24 09:22:04
2026-08-23T23:40:54.662Z,2026/08/24 09:30:00,2026/08/25 17:30:00,QLD1,102.598,97.038,69.515,126.074,2026/08/24 09:22:04
2026-08-23T23:40:54.662Z,2026/08/24 09:30:00,2026/08/25 18:00:00,QLD1,0,2.076,2.032,3.503,2026/08/24 09:22:04
2026-08-23T23:40:54.662Z,2026/08/24 09:30:00,2026/08/25 18:30:00,QLD1,0,0.271,0.241,0.387,2026/08/24 09:22:04
2026-08-23T23:40:54.662Z,2026/08/24 09:30:00,2026/08/25 19:00:00,QLD1,0,0,0,0,2026/08/24 09:22:04
2026-08-23T23:40:54.662Z,2026/08/24 09:30:00,2026/08/25 19:30:00,QLD1,0,0,0,0,2026/08/24 09:22:04
2026-08-23T23:40:54.662Z,2026/08/24 09:30:00,2026/08/25 20:00:00,QLD1,0,0,0,0,2026/08/24 09:22:04
2026-08-23T23:40:54.662Z,2026/08/24 09:30:00,2026/08/25 20:30:00,QLD1,0,0,0,0,2026/08/24 09:22:04
2026-08-23T23:40:54.662Z,2026/08/24 09:30:00,2026/08/25 21:00:00,QLD1,0,0,0,0,2026/08/24 09:22:04
2026-08-23T23:40:54.662Z,2026/08/24 09:30:00,2026/08/25 21:30:00,QLD1,0,0,0,0,2026/08/24 09:22:04
2026-08-23T23:40:54.662Z,2026/08/24 09:30:00,2026/08/25 22:00:00,QLD1,0,0,0,0,2026/08/24 09:22:04
2026-08-23T23:40:54.662Z,2026/08/24 09:30:00,2026/08/25 22:30:00,QLD1,0,0,0,0,2026/08/24 09:22:04
2026-08-23T23:40:54.662Z,2026/08/24 09:30:00,2026/08/25 23:00:00,QLD1,0,0,0,0,2026/08/24 09:22:04
2026-08-23T23:40:54.662Z,2026/08/24 09:30:00,2026/08/25 23:30:00,QLD1,0,0,0,0,2026/08/24 09:22:04
2026-08-23T23:40:54.662Z,2026/08/24 09:30:00,2026/08/26 00:00:00,QLD1,0,0,0,0,2026/08/24 09:22:04
2026-08-23T23:40:54.662Z,2026/08/24 09:30:00,2026/08/26 00:30:00,QLD1,0,0,0,0,2026/08/24 09:22:04
2026-08-23T23:40:54.662Z,2026/08/24 09:30:00,2026/08/26 01:00:00,QLD1,0,0,0,0,2026/08/24 09:22:04
2026-08-23T23:40:54.662Z,2026/08/24 09:30:00,2026/08/26 01:30:00,QLD1,0,0,0,0,2026/08/24 09:22:04
2026-08-23T23:40:54.662Z,2026/08/24 09:30:00,2026/08/26 02:00:00,QLD1,0,0,0,0,2026/08/24 09:22:04
2026-08-23T23:40:54.662Z,2026/08/24 09:30:00,2026/08/26 02:30:00,QLD1,0,0,0,0,2026/08/24 09:22:04
2026-08-23T23:40:54.662Z,2026/08/24 09:30:00,2026/08/26 03:00:00,QLD1,0,0,0,0,2026/08/24 09:22:04
2026-08-23T23:40:54.662Z,2026/08/24 09:30:00,2026/08/26 03:30:00,QLD1,0,0,0,0,2026/08/24 09:22:04
2026-08-23T23:40:54.662Z,2026/08/24 09:30:00,2026/08/26 04:00:00,QLD1,0,0,0,0,2026/08/24 09:21:58
2026-08-23T23:40:54.662Z,2026/08/24 09:30:00,2026/08/26 04:30:00,QLD1,0,0,0,0,2026/08/24 09:21:58
2026-08-23T23:40:54.662Z,2026/08/24 09:30:00,2026/08/26 05:00:00,QLD1,0,0,0,0,2026/08/24 09:21:58
2026-08-23T23:40:54.662Z,2026/08/24 09:30:00,2026/08/26 05:30:00,QLD1,0,0,0,0,2026/08/24 09:21:58
2026-08-23T23:40:54.662Z,2026/08/24 09:30:00,2026/08/26 06:00:00,QLD1,0,0,0,0,2026/08/24 09:21:58
2026-08-23T23:40:54.662Z,2026/08/24 09:30:00,2026/08/26 06:30:00,QLD1,0,4.53,3.888,5.866,2026/08/24 09:21:58
2026-08-23T23:40:54.662Z,2026/08/24 09:30:00,2026/08/26 07:00:00,QLD1,141.918,131.367,79.436,189.08,2026/08/24 09:21:58
2026-08-23T23:40:54.662Z,2026/08/24 09:30:00,2026/08/26 07:30:00,QLD1,481.262,452.617,290.568,620.043,2026/08/24 09:21:58
2026-08-23T23:40:54.662Z,2026/08/24 09:30:00,2026/08/26 08:00:00,QLD1,941.705,894.824,594.693,1185.632,2026/08/24 09:21:58
2026-08-23T23:40:54.662Z,2026/08/24 09:30:00,2026/08/26 08:30:00,QLD1,1449.439,1395.27,957.837,1789.652,2026/08/24 09:21:58
2026-08-23T23:40:54.662Z,2026/08/24 09:30:00,2026/08/26 09:00:00,QLD1,1930.886,1883.346,1343.084,2360.566,2026/08/24 09:21:58
2026-08-23T23:40:54.662Z,2026/08/24 09:30:00,2026/08/26 09:30:00,QLD1,2401.229,2372.92,1776.95,2883.953,2026/08/24 09:21:58
2026-08-23T23:40:54.662Z,2026/08/24 09:30:00,2026/08/26 10:00:00,QLD1,2803.766,2794.4,2169.172,3323.887,2026/08/24 09:21:58
2026-08-23T23:40:54.662Z,2026/08/24 09:30:00,2026/08/26 10:30:00,QLD1,3172.633,3183.197,2533.811,3705.804,2026/08/24 09:21:58
2026-08-23T23:40:54.662Z,2026/08/24 09:30:00,2026/08/26 11:00:00,QLD1,3476.649,3497.613,2853.654,4017.496,2026/08/24 09:21:58
2026-08-23T23:40:54.662Z,2026/08/24 09:30:00,2026/08/26 11:30:00,QLD1,3699.585,3731.49,3096.825,4237.509,2026/08/24 09:21:58
2026-08-23T23:40:54.662Z,2026/08/24 09:30:00,2026/08/26 12:00:00,QLD1,3866.588,3882.214,3274.885,4337.997,2026/08/24 09:21:58
2026-08-23T23:40:54.662Z,2026/08/24 09:30:00,2026/08/26 12:30:00,QLD1,3968.946,3979.299,3391.457,4431.782,2026/08/24 09:21:58
2026-08-23T23:40:54.662Z,2026/08/24 09:30:00,2026/08/26 13:00:00,QLD1,3963.921,3969.587,3400.215,4412.43,2026/08/24 09:21:58
2026-08-23T23:40:54.662Z,2026/08/24 09:30:00,2026/08/26 13:30:00,QLD1,3849.087,3857.08,3310.938,4286.895,2026/08/24 09:21:58
2026-08-23T23:40:54.662Z,2026/08/24 09:30:00,2026/08/26 14:00:00,QLD1,3641.699,3644.966,3136.931,4059.979,2026/08/24 09:21:58
2026-08-23T23:40:54.662Z,2026/08/24 09:30:00,2026/08/26 14:30:00,QLD1,3324.7,3333.555,2864.098,3708.633,2026/08/24 09:21:58
2026-08-23T23:40:54.662Z,2026/08/24 09:30:00,2026/08/26 15:00:00,QLD1,2908.55,2917.86,2500.139,3239.091,2026/08/24 09:21:58
2026-08-23T23:40:54.662Z,2026/08/24 09:30:00,2026/08/26 15:30:00,QLD1,2398.768,2406.379,2070.11,2660.754,2026/08/24 09:21:58
2026-08-23T23:40:54.662Z,2026/08/24 09:30:00,2026/08/26 16:00:00,QLD1,1785.626,1789.953,1542.592,1991.78,2026/08/24 09:21:58
2026-08-23T23:40:54.662Z,2026/08/24 09:30:00,2026/08/26 16:30:00,QLD1,1129.658,1130.282,977.135,1260.753,2026/08/24 09:21:58
2026-08-23T23:40:54.662Z,2026/08/24 09:30:00,2026/08/26 17:00:00,QLD1,521.236,518.982,438.84,587.738,2026/08/24 09:21:58
2026-08-23T23:40:54.662Z,2026/08/24 09:30:00,2026/08/26 17:30:00,QLD1,114.813,110.013,85.467,134.253,2026/08/24 09:21:58
2026-08-23T23:40:54.662Z,2026/08/24 09:30:00,2026/08/26 18:00:00,QLD1,0,2.291,0,5.08,2026/08/24 09:21:58
2026-08-23T23:40:54.662Z,2026/08/24 09:30:00,2026/08/26 18:30:00,QLD1,0,0.256,0,0.466,2026/08/24 09:21:58
2026-08-23T23:40:54.662Z,2026/08/24 09:30:00,2026/08/26 19:00:00,QLD1,0,0,0,0,2026/08/24 09:21:58
2026-08-23T23:40:54.662Z,2026/08/24 09:30:00,2026/08/26 19:30:00,QLD1,0,0,0,0,2026/08/24 09:21:58
2026-08-23T23:40:54.662Z,2026/08/24 09:30:00,2026/08/26 20:00:00,QLD1,0,0,0,0,2026/08/24 09:21:58
2026-08-23T23:40:54.662Z,2026/08/24 09:30:00,2026/08/26 20:30:00,QLD1,0,0,0,0,2026/08/24 09:21:58
2026-08-23T23:40:54.662Z,2026/08/24 09:30:00,2026/08/26 21:00:00,QLD1,0,0,0,0,2026/08/24 09:21:58
2026-08-23T23:40:54.662Z,2026/08/24 09:30:00,2026/08/26 21:30:00,QLD1,0,0,0,0,2026/08/24 09:21:58
2026-08-23T23:40:54.662Z,2026/08/24 09:30:00,2026/08/26 22:00:00,QLD1,0,0,0,0,2026/08/24 09:21:58
2026-08-23T23:40:54.662Z,2026/08/24 09:30:00,2026/08/26 22:30:00,QLD1,0,0,0,0,2026/08/24 09:21:58
2026-08-23T23:40:54.662Z,2026/08/24 09:30:00,2026/08/26 23:00:00,QLD1,0,0,0,0,2026/08/24 09:21:58
2026-08-23T23:40:54.662Z,2026/08/24 09:30:00,2026/08/26 23:30:00,QLD1,0,0,0,0,2026/08/24 09:21:58
2026-08-23T23:40:54.662Z,2026/08/24 09:30:00,2026/08/27 00:00:00,QLD1,0,0,0,0,2026/08/24 09:21:58
2026-08-23T23:40:54.662Z,2026/08/24 09:30:00,2026/08/27 00:30:00,QLD1,0,0,0,0,2026/08/24 09:21:58
2026-08-23T23:40:54.662Z,2026/08/24 09:30:00,2026/08/27 01:00:00,QLD1,0,0,0,0,2026/08/24 09:21:58
2026-08-23T23:40:54.662Z,2026/08/24 09:30:00,2026/08/27 01:30:00,QLD1,0,0,0,0,2026/08/24 09:21:58
2026-08-23T23:40:54.662Z,2026/08/24 09:30:00,2026/08/27 02:00:00,QLD1,0,0,0,0,2026/08/24 09:21:58
2026-08-23T23:40:54.662Z,2026/08/24 09:30:00,2026/08/27 02:30:00,QLD1,0,0,0,0,2026/08/24 09:21:58
2026-08-23T23:40:54.662Z,2026/08/24 09:30:00,2026/08/27 03:00:00,QLD1,0,0,0,0,2026/08/24 09:21:58
2026-08-23T23:40:54.662Z,2026/08/24 09:30:00,2026/08/27 03:30:00,QLD1,0,0,0,0,2026/08/24 09:21:58
2026-08-23T23:40:54.662Z,2026/08/24 09:30:00,2026/08/27 04:00:00,QLD1,0,0,0,0,2026/08/24 09:21:58
2026-08-23T23:40:54.662Z,2026/08/24 09:30:00,2026/08/27 04:30:00,QLD1,0,0,0,0,2026/08/24 09:21:58
2026-08-23T23:40:54.662Z,2026/08/24 09:30:00,2026/08/27 05:00:00,QLD1,0,0,0,0,2026/08/24 09:21:58
2026-08-23T23:40:54.662Z,2026/08/24 09:30:00,2026/08/27 05:30:00,QLD1,0,0,0,0,2026/08/24 09:21:58
2026-08-23T23:40:54.662Z,2026/08/24 09:30:00,2026/08/27 06:00:00,QLD1,0,0,0,0,2026/08/24 09:21:58
2026-08-23T23:40:54.662Z,2026/08/24 09:30:00,2026/08/27 06:30:00,QLD1,0,8.403,5.097,8.668,2026/08/24 09:21:58
2026-08-23T23:40:54.662Z,2026/08/24 09:30:00,2026/08/27 07:00:00,QLD1,229.853,227.311,175.686,269.248,2026/08/24 09:21:58
2026-08-23T23:40:54.662Z,2026/08/24 09:30:00,2026/08/27 07:30:00,QLD1,783.276,798.002,659.052,884.21,2026/08/24 09:21:58
2026-08-23T23:40:54.662Z,2026/08/24 09:30:00,2026/08/27 08:00:00,QLD1,1472.433,1499.317,1255.437,1637.06,2026/08/24 09:21:58
2026-08-23T23:40:54.662Z,2026/08/24 09:30:00,2026/08/27 08:30:00,QLD1,2189.025,2221.385,1878.06,2409.885,2026/08/24 09:21:58
2026-08-23T23:40:54.662Z,2026/08/24 09:30:00,2026/08/27 09:00:00,QLD1,2848.018,2882.418,2455.372,3107.769,2026/08/24 09:21:58
2026-08-23T23:40:54.662Z,2026/08/24 09:30:00,2026/08/27 09:30:00,QLD1,3390.414,3419.754,2921.458,3680.711,2026/08/24 09:21:58
2026-08-23T23:40:54.662Z,2026/08/24 09:30:00,2026/08/27 10:00:00,QLD1,3803.16,3831.326,3299.117,4120.454,2026/08/24 09:21:58
2026-08-23T23:40:54.662Z,2026/08/24 09:30:00,2026/08/27 10:30:00,QLD1,4073.923,4104.11,3529.722,4420.306,2026/08/24 09:21:58
2026-08-23T23:40:54.662Z,2026/08/24 09:30:00,2026/08/27 11:00:00,QLD1,4237.875,4283.219,3666.317,4603.758,2026/08/24 09:21:58
2026-08-23T23:40:54.662Z,2026/08/24 09:30:00,2026/08/27 11:30:00,QLD1,4304.788,4361.57,3749.286,4697.261,2026/08/24 09:21:58
2026-08-23T23:40:54.662Z,2026/08/24 09:30:00,2026/08/27 12:00:00,QLD1,4313.314,4369.153,3745.694,4724.53,2026/08/24 09:21:58
2026-08-23T23:40:54.662Z,2026/08/24 09:30:00,2026/08/27 12:30:00,QLD1,4262.645,4326.865,3707.69,4692.172,2026/08/24 09:21:58
2026-08-23T23:40:54.662Z,2026/08/24 09:30:00,2026/08/27 13:00:00,QLD1,4109.985,4184.341,3546.014,4556.825,2026/08/24 09:21:58
2026-08-23T23:40:54.662Z,2026/08/24 09:30:00,2026/08/27 13:30:00,QLD1,3884.577,3962.225,3319.271,4342.976,2026/08/24 09:21:58
2026-08-23T23:40:54.662Z,2026/08/24 09:30:00,2026/08/27 14:00:00,QLD1,3579.28,3651.958,3008.022,4036.086,2026/08/24 09:21:58
2026-08-23T23:40:54.662Z,2026/08/24 09:30:00,2026/08/27 14:30:00,QLD1,3179.764,3243.382,2613.357,3629.118,2026/08/24 09:21:58
2026-08-23T23:40:54.662Z,2026/08/24 09:30:00,2026/08/27 15:00:00,QLD1,2706.127,2742.971,2166.288,3129.931,2026/08/24 09:21:58
2026-08-23T23:40:54.662Z,2026/08/24 09:30:00,2026/08/27 15:30:00,QLD1,2173.33,2185.413,1686.116,2541.291,2026/08/24 09:21:58
2026-08-23T23:40:54.662Z,2026/08/24 09:30:00,2026/08/27 16:00:00,QLD1,1580.962,1561.201,1164.838,1862.577,2026/08/24 09:21:58
2026-08-23T23:40:54.662Z,2026/08/24 09:30:00,2026/08/27 16:30:00,QLD1,997.996,986.317,719.46,1179.088,2026/08/24 09:21:58
2026-08-23T23:40:54.662Z,2026/08/24 09:30:00,2026/08/27 17:00:00,QLD1,457.897,441.796,300.236,542.531,2026/08/24 09:21:58
2026-08-23T23:40:54.662Z,2026/08/24 09:30:00,2026/08/27 17:30:00,QLD1,102.709,92.691,59.551,121.212,2026/08/24 09:21:58
2026-08-23T23:40:54.662Z,2026/08/24 09:30:00,2026/08/27 18:00:00,QLD1,0,5.109,4.861,5.721,2026/08/24 09:21:58
2026-08-23T23:40:54.662Z,2026/08/24 09:30:00,2026/08/27 18:30:00,QLD1,0,0.699,0.604,0.774,2026/08/24 09:21:58
2026-08-23T23:40:54.662Z,2026/08/24 09:30:00,2026/08/27 19:00:00,QLD1,0,0,0,0,2026/08/24 09:21:58
2026-08-23T23:40:54.662Z,2026/08/24 09:30:00,2026/08/27 19:30:00,QLD1,0,0,0,0,2026/08/24 09:21:58
2026-08-23T23:40:54.662Z,2026/08/24 09:30:00,2026/08/27 20:00:00,QLD1,0,0,0,0,2026/08/24 09:21:58
2026-08-23T23:40:54.662Z,2026/08/24 09:30:00,2026/08/27 20:30:00,QLD1,0,0,0,0,2026/08/24 09:21:58
2026-08-23T23:40:54.662Z,2026/08/24 09:30:00,2026/08/27 21:00:00,QLD1,0,0,0,0,2026/08/24 09:21:58
2026-08-23T23:40:54.662Z,2026/08/24 09:30:00,2026/08/27 21:30:00,QLD1,0,0,0,0,2026/08/24 09:21:58
2026-08-23T23:40:54.662Z,2026/08/24 09:30:00,2026/08/27 22:00:00,QLD1,0,0,0,0,2026/08/24 09:21:58
2026-08-23T23:40:54.662Z,2026/08/24 09:30:00,2026/08/27 22:30:00,QLD1,0,0,0,0,2026/08/24 09:21:58
2026-08-23T23:40:54.662Z,2026/08/24 09:30:00,2026/08/27 23:00:00,QLD1,0,0,0,0,2026/08/24 09:21:58
2026-08-23T23:40:54.662Z,2026/08/24 09:30:00,2026/08/27 23:30:00,QLD1,0,0,0,0,2026/08/24 09:21:58
2026-08-23T23:40:54.662Z,2026/08/24 09:30:00,2026/08/28 00:00:00,QLD1,0,0,0,0,2026/08/24 09:21:58
2026-08-23T23:40:54.662Z,2026/08/24 09:30:00,2026/08/28 00:30:00,QLD1,0,0,0,0,2026/08/24 09:21:58
2026-08-23T23:40:54.662Z,2026/08/24 09:30:00,2026/08/28 01:00:00,QLD1,0,0,0,0,2026/08/24 09:21:58
2026-08-23T23:40:54.662Z,2026/08/24 09:30:00,2026/08/28 01:30:00,QLD1,0,0,0,0,2026/08/24 09:21:58
2026-08-23T23:40:54.662Z,2026/08/24 09:30:00,2026/08/28 02:00:00,QLD1,0,0,0,0,2026/08/24 09:21:58
2026-08-23T23:40:54.662Z,2026/08/24 09:30:00,2026/08/28 02:30:00,QLD1,0,0,0,0,2026/08/24 09:21:58
2026-08-23T23:40:54.662Z,2026/08/24 09:30:00,2026/08/28 03:00:00,QLD1,0,0,0,0,2026/08/24 09:21:58
2026-08-23T23:40:54.662Z,2026/08/24 09:30:00,2026/08/28 03:30:00,QLD1,0,0,0,0,2026/08/24 09:21:58
2026-08-23T23:40:54.662Z,2026/08/24 09:30:00,2026/08/28 04:00:00,QLD1,0,0,0,0,2026/08/24 09:21:58
2026-08-23T23:40:54.662Z,2026/08/24 09:30:00,2026/08/28 04:30:00,QLD1,0,0,0,0,2026/08/24 09:21:58
2026-08-23T23:40:54.662Z,2026/08/24 09:30:00,2026/08/28 05:00:00,QLD1,0,0,0,0,2026/08/24 09:21:58
2026-08-23T23:40:54.662Z,2026/08/24 09:30:00,2026/08/28 05:30:00,QLD1,0,0,0,0,2026/08/24 09:21:58
2026-08-23T23:40:54.662Z,2026/08/24 09:30:00,2026/08/28 06:00:00,QLD1,0,0,0,0,2026/08/24 09:21:58
2026-08-23T23:40:54.662Z,2026/08/24 09:30:00,2026/08/28 06:30:00,QLD1,0,0,0,3.715,2026/08/24 09:21:58
2026-08-23T23:40:54.662Z,2026/08/24 09:30:00,2026/08/28 07:00:00,QLD1,202.202,183.146,126.804,257.618,2026/08/24 09:21:58
2026-08-23T23:40:54.662Z,2026/08/24 09:30:00,2026/08/28 07:30:00,QLD1,727.652,718.108,538.256,836.33,2026/08/24 09:21:58
2026-08-23T23:40:54.662Z,2026/08/24 09:30:00,2026/08/28 08:00:00,QLD1,1376.265,1373.11,1083.565,1547.036,2026/08/24 09:21:58
2026-08-23T23:40:54.662Z,2026/08/24 09:30:00,2026/08/28 08:30:00,QLD1,2051.814,2061.039,1652.68,2282.705,2026/08/24 09:21:58
2026-08-23T23:40:54.662Z,2026/08/24 09:30:00,2026/08/28 09:00:00,QLD1,2675.277,2696.166,2216.59,2959.044,2026/08/24 09:21:58
2026-08-23T23:40:54.662Z,2026/08/24 09:30:00,2026/08/28 09:30:00,QLD1,3201.309,3228.115,2696.668,3537.876,2026/08/24 09:21:58
2026-08-23T23:40:54.662Z,2026/08/24 09:30:00,2026/08/28 10:00:00,QLD1,3604.761,3634.112,3061.214,3977.82,2026/08/24 09:21:58
2026-08-23T23:40:54.662Z,2026/08/24 09:30:00,2026/08/28 10:30:00,QLD1,3908.838,3939.242,3333.965,4313.894,2026/08/24 09:21:58
2026-08-23T23:40:54.662Z,2026/08/24 09:30:00,2026/08/28 11:00:00,QLD1,4116.563,4146.311,3528.959,4544.476,2026/08/24 09:21:58
2026-08-23T23:40:54.662Z,2026/08/24 09:30:00,2026/08/28 11:30:00,QLD1,4233.367,4268.733,3631.887,4674.515,2026/08/24 09:21:58
2026-08-23T23:40:54.662Z,2026/08/24 09:30:00,2026/08/28 12:00:00,QLD1,4290.858,4334.257,3684.043,4739.497,2026/08/24 09:21:58
2026-08-23T23:40:54.662Z,2026/08/24 09:30:00,2026/08/28 12:30:00,QLD1,4274.259,4311.012,3655.904,4720.568,2026/08/24 09:21:58
2026-08-23T23:40:54.662Z,2026/08/24 09:30:00,2026/08/28 13:00:00,QLD1,4162.066,4206.848,3544.123,4599.034,2026/08/24 09:21:58
2026-08-23T23:40:54.662Z,2026/08/24 09:30:00,2026/08/28 13:30:00,QLD1,3951.883,3998.773,3346.261,4378.245,2026/08/24 09:21:58
2026-08-23T23:40:54.662Z,2026/08/24 09:30:00,2026/08/28 14:00:00,QLD1,3656.78,3699.66,3037.886,4070.72,2026/08/24 09:21:58
2026-08-23T23:40:54.662Z,2026/08/24 09:30:00,2026/08/28 14:30:00,QLD1,3264.395,3295.319,2634.266,3660.724,2026/08/24 09:21:58
2026-08-23T23:40:54.662Z,2026/08/24 09:30:00,2026/08/28 15:00:00,QLD1,2792.366,2817.361,2143.678,3178.343,2026/08/24 09:21:58
2026-08-23T23:40:54.662Z,2026/08/24 09:30:00,2026/08/28 15:30:00,QLD1,2252.833,2264.019,1657.871,2593.111,2026/08/24 09:21:58
2026-08-23T23:40:54.662Z,2026/08/24 09:30:00,2026/08/28 16:00:00,QLD1,1643.18,1647.498,1161.49,1929.427,2026/08/24 09:21:58
2026-08-23T23:40:54.662Z,2026/08/24 09:30:00,2026/08/28 16:30:00,QLD1,1023.74,1025.452,709.442,1221.829,2026/08/24 09:21:58
2026-08-23T23:40:54.662Z,2026/08/24 09:30:00,2026/08/28 17:00:00,QLD1,450.409,443.248,287.935,567.703,2026/08/24 09:21:58
2026-08-23T23:40:54.662Z,2026/08/24 09:30:00,2026/08/28 17:30:00,QLD1,76.421,65.616,41.835,104.494,2026/08/24 09:21:58
2026-08-23T23:40:54.662Z,2026/08/24 09:30:00,2026/08/28 18:00:00,QLD1,0,0,0,0.579,2026/08/24 09:21:58
2026-08-23T23:40:54.662Z,2026/08/24 09:30:00,2026/08/28 18:30:00,QLD1,0,0,0,0.006,2026/08/24 09:21:58
2026-08-23T23:40:54.662Z,2026/08/24 09:30:00,2026/08/28 19:00:00,QLD1,0,0,0,0,2026/08/24 09:21:58
2026-08-23T23:40:54.662Z,2026/08/24 09:30:00,2026/08/28 19:30:00,QLD1,0,0,0,0,2026/08/24 09:21:58
2026-08-23T23:40:54.662Z,2026/08/24 09:30:00,2026/08/28 20:00:00,QLD1,0,0,0,0,2026/08/24 09:21:58
2026-08-23T23:40:54.662Z,2026/08/24 09:30:00,2026/08/28 20:30:00,QLD1,0,0,0,0,2026/08/24 09:21:58
2026-08-23T23:40:54.662Z,2026/08/24 09:30:00,2026/08/28 21:00:00,QLD1,0,0,0,0,2026/08/24 09:21:58
2026-08-23T23:40:54.662Z,2026/08/24 09:30:00,2026/08/28 21:30:00,QLD1,0,0,0,0,2026/08/24 09:21:58
2026-08-23T23:40:54.662Z,2026/08/24 09:30:00,2026/08/28 22:00:00,QLD1,0,0,0,0,2026/08/24 09:21:58
2026-08-23T23:40:54.662Z,2026/08/24 09:30:00,2026/08/28 22:30:00,QLD1,0,0,0,0,2026/08/24 09:21:58
2026-08-23T23:40:54.662Z,2026/08/24 09:30:00,2026/08/28 23:00:00,QLD1,0,0,0,0,2026/08/24 09:21:58
2026-08-23T23:40:54.662Z,2026/08/24 09:30:00,2026/08/28 23:30:00,QLD1,0,0,0,0,2026/08/24 09:21:58
2026-08-23T23:40:54.662Z,2026/08/24 09:30:00,2026/08/29 00:00:00,QLD1,0,0,0,0,2026/08/24 09:21:58
2026-08-23T23:40:54.662Z,2026/08/24 09:30:00,2026/08/29 00:30:00,QLD1,0,0,0,0,2026/08/24 09:21:58
2026-08-23T23:40:54.662Z,2026/08/24 09:30:00,2026/08/29 01:00:00,QLD1,0,0,0,0,2026/08/24 09:21:58
2026-08-23T23:40:54.662Z,2026/08/24 09:30:00,2026/08/29 01:30:00,QLD1,0,0,0,0,2026/08/24 09:21:58
2026-08-23T23:40:54.662Z,2026/08/24 09:30:00,2026/08/29 02:00:00,QLD1,0,0,0,0,2026/08/24 09:21:58
2026-08-23T23:40:54.662Z,2026/08/24 09:30:00,2026/08/29 02:30:00,QLD1,0,0,0,0,2026/08/24 09:21:58
2026-08-23T23:40:54.662Z,2026/08/24 09:30:00,2026/08/29 03:00:00,QLD1,0,0,0,0,2026/08/24 09:21:58
2026-08-23T23:40:54.662Z,2026/08/24 09:30:00,2026/08/29 03:30:00,QLD1,0,0,0,0,2026/08/24 09:21:58
2026-08-23T23:40:54.662Z,2026/08/24 09:30:00,2026/08/29 04:00:00,QLD1,0,0,0,0,2026/08/24 09:21:58
2026-08-23T23:40:54.662Z,2026/08/24 09:30:00,2026/08/29 04:30:00,QLD1,0,0,0,0,2026/08/24 09:21:58
2026-08-23T23:40:54.662Z,2026/08/24 09:30:00,2026/08/29 05:00:00,QLD1,0,0,0,0,2026/08/24 09:21:58
2026-08-23T23:40:54.662Z,2026/08/24 09:30:00,2026/08/29 05:30:00,QLD1,0,0,0,0,2026/08/24 09:21:58
2026-08-23T23:40:54.662Z,2026/08/24 09:30:00,2026/08/29 06:00:00,QLD1,0,0,0,0,2026/08/24 09:21:58
2026-08-23T23:40:54.662Z,2026/08/24 09:30:00,2026/08/29 06:30:00,QLD1,0,0,0,0,2026/08/24 09:21:58
2026-08-23T23:40:54.662Z,2026/08/24 09:30:00,2026/08/29 07:00:00,QLD1,193.457,173.818,112.616,267.701,2026/08/24 09:21:58
2026-08-23T23:40:54.662Z,2026/08/24 09:30:00,2026/08/29 07:30:00,QLD1,706.639,693.282,472.505,859.975,2026/08/24 09:21:58
2026-08-23T23:40:54.662Z,2026/08/24 09:30:00,2026/08/29 08:00:00,QLD1,1337.154,1325.914,934.934,1580.293,2026/08/24 09:21:58
2026-08-23T23:40:54.662Z,2026/08/24 09:30:00,2026/08/29 08:30:00,QLD1,1997.414,1981.19,1455.982,2310.906,2026/08/24 09:21:58
2026-08-23T23:40:54.662Z,2026/08/24 09:30:00,2026/08/29 09:00:00,QLD1,2607.334,2581.342,1966.447,2940.12,2026/08/24 09:21:58
2026-08-23T23:40:54.662Z,2026/08/24 09:30:00,2026/08/29 09:30:00,QLD1,3137.883,3103.085,2457.624,3496.463,2026/08/24 09:21:58
2026-08-23T23:40:54.662Z,2026/08/24 09:30:00,2026/08/29 10:00:00,QLD1,3544.674,3503.45,2835.844,3931.809,2026/08/24 09:21:58
2026-08-23T23:40:54.662Z,2026/08/24 09:30:00,2026/08/29 10:30:00,QLD1,3847.29,3802.521,3102.797,4266.399,2026/08/24 09:21:58
2026-08-23T23:40:54.662Z,2026/08/24 09:30:00,2026/08/29 11:00:00,QLD1,4052.553,4007.544,3282.351,4511.87,2026/08/24 09:21:58
2026-08-23T23:40:54.662Z,2026/08/24 09:30:00,2026/08/29 11:30:00,QLD1,4167.075,4116.462,3372.774,4650.25,2026/08/24 09:21:58
2026-08-23T23:40:54.662Z,2026/08/24 09:30:00,2026/08/29 12:00:00,QLD1,4217.493,4157.8,3413.82,4705.269,2026/08/24 09:21:58
2026-08-23T23:40:54.662Z,2026/08/24 09:30:00,2026/08/29 12:30:00,QLD1,4189.698,4116.863,3397.304,4678.622,2026/08/24 09:21:58
2026-08-23T23:40:54.662Z,2026/08/24 09:30:00,2026/08/29 13:00:00,QLD1,4061.607,3991.785,3266.501,4548.975,2026/08/24 09:21:58
2026-08-23T23:40:54.662Z,2026/08/24 09:30:00,2026/08/29 13:30:00,QLD1,3857.255,3799.485,3066.538,4339.162,2026/08/24 09:21:58
2026-08-23T23:40:54.662Z,2026/08/24 09:30:00,2026/08/29 14:00:00,QLD1,3568.383,3529.188,2773.127,4060.277,2026/08/24 09:21:58
2026-08-23T23:40:54.662Z,2026/08/24 09:30:00,2026/08/29 14:30:00,QLD1,3182.875,3169.418,2448.697,3685.494,2026/08/24 09:21:58
2026-08-23T23:40:54.662Z,2026/08/24 09:30:00,2026/08/29 15:00:00,QLD1,2717.661,2714.898,2049.714,3189.101,2026/08/24 09:21:58
2026-08-23T23:40:54.662Z,2026/08/24 09:30:00,2026/08/29 15:30:00,QLD1,2185.834,2173.888,1599.986,2607.982,2026/08/24 09:21:58
2026-08-23T23:40:54.662Z,2026/08/24 09:30:00,2026/08/29 16:00:00,QLD1,1594.498,1571.348,1115.584,1934.819,2026/08/24 09:21:58
2026-08-23T23:40:54.662Z,2026/08/24 09:30:00,2026/08/29 16:30:00,QLD1,1000.551,977.145,685.242,1218.32,2026/08/24 09:21:58
2026-08-23T23:40:54.662Z,2026/08/24 09:30:00,2026/08/29 17:00:00,QLD1,449.588,431.089,291.096,573.037,2026/08/24 09:21:58
2026-08-23T23:40:54.662Z,2026/08/24 09:30:00,2026/08/29 17:30:00,QLD1,83.169,67.294,43.102,120.45,2026/08/24 09:21:58
2026-08-23T23:40:54.662Z,2026/08/24 09:30:00,2026/08/29 18:00:00,QLD1,0,2.043,0.086,9.173,2026/08/24 09:21:58
2026-08-23T23:40:54.662Z,2026/08/24 09:30:00,2026/08/29 18:30:00,QLD1,0,0.306,0.132,0.977,2026/08/24 09:21:58
2026-08-23T23:40:54.662Z,2026/08/24 09:30:00,2026/08/29 19:00:00,QLD1,0,0,0,0,2026/08/24 09:21:58
2026-08-23T23:40:54.662Z,2026/08/24 09:30:00,2026/08/29 19:30:00,QLD1,0,0,0,0,2026/08/24 09:21:58
2026-08-23T23:40:54.662Z,2026/08/24 09:30:00,2026/08/29 20:00:00,QLD1,0,0,0,0,2026/08/24 09:21:58
2026-08-23T23:40:54.662Z,2026/08/24 09:30:00,2026/08/29 20:30:00,QLD1,0,0,0,0,2026/08/24 09:21:58
2026-08-23T23:40:54.662Z,2026/08/24 09:30:00,2026/08/29 21:00:00,QLD1,0,0,0,0,2026/08/24 09:21:58
2026-08-23T23:40:54.662Z,2026/08/24 09:30:00,2026/08/29 21:30:00,QLD1,0,0,0,0,2026/08/24 09:21:58
2026-08-23T23:40:54.662Z,2026/08/24 09:30:00,2026/08/29 22:00:00,QLD1,0,0,0,0,2026/08/24 09:21:58
2026-08-23T23:40:54.662Z,2026/08/24 09:30:00,2026/08/29 22:30:00,QLD1,0,0,0,0,2026/08/24 09:21:58
2026-08-23T23:40:54.662Z,2026/08/24 09:30:00,2026/08/29 23:00:00,QLD1,0,0,0,0,2026/08/24 09:21:58
2026-08-23T23:40:54.662Z,2026/08/24 09:30:00,2026/08/29 23:30:00,QLD1,0,0,0,0,2026/08/24 09:21:58
2026-08-23T23:40:54.662Z,2026/08/24 09:30:00,2026/08/30 00:00:00,QLD1,0,0,0,0,2026/08/24 09:21:58
2026-08-23T23:40:54.662Z,2026/08/24 09:30:00,2026/08/30 00:30:00,QLD1,0,0,0,0,2026/08/24 09:21:58
2026-08-23T23:40:54.662Z,2026/08/24 09:30:00,2026/08/30 01:00:00,QLD1,0,0,0,0,2026/08/24 09:21:58
2026-08-23T23:40:54.662Z,2026/08/24 09:30:00,2026/08/30 01:30:00,QLD1,0,0,0,0,2026/08/24 09:21:58
2026-08-23T23:40:54.662Z,2026/08/24 09:30:00,2026/08/30 02:00:00,QLD1,0,0,0,0,2026/08/24 09:21:58
2026-08-23T23:40:54.662Z,2026/08/24 09:30:00,2026/08/30 02:30:00,QLD1,0,0,0,0,2026/08/24 09:21:58
2026-08-23T23:40:54.662Z,2026/08/24 09:30:00,2026/08/30 03:00:00,QLD1,0,0,0,0,2026/08/24 09:21:58
2026-08-23T23:40:54.662Z,2026/08/24 09:30:00,2026/08/30 03:30:00,QLD1,0,0,0,0,2026/08/24 09:21:58
2026-08-23T23:40:54.662Z,2026/08/24 09:30:00,2026/08/30 04:00:00,QLD1,0,0,0,0,2026/08/24 09:21:58
2026-08-23T23:40:54.662Z,2026/08/24 09:30:00,2026/08/30 04:30:00,QLD1,0,0,0,0,2026/08/24 09:21:58
2026-08-23T23:40:54.662Z,2026/08/24 09:30:00,2026/08/30 05:00:00,QLD1,0,0,0,0,2026/08/24 09:21:58
2026-08-23T23:40:54.662Z,2026/08/24 09:30:00,2026/08/30 05:30:00,QLD1,0,0,0,0,2026/08/24 09:21:58
2026-08-23T23:40:54.662Z,2026/08/24 09:30:00,2026/08/30 06:00:00,QLD1,0,0,0,0,2026/08/24 09:21:58
2026-08-23T23:40:54.662Z,2026/08/24 09:30:00,2026/08/30 06:30:00,QLD1,0,4.565,0.966,33.462,2026/08/24 09:21:58
2026-08-23T23:40:54.662Z,2026/08/24 09:30:00,2026/08/30 07:00:00,QLD1,211.766,194.544,122.24,285.908,2026/08/24 09:21:58
2026-08-23T23:40:54.662Z,2026/08/24 09:30:00,2026/08/30 07:30:00,QLD1,745.707,742.386,535.945,901.325,2026/08/24 09:21:58
2026-08-23T23:40:54.662Z,2026/08/24 09:30:00,2026/08/30 08:00:00,QLD1,1383.397,1388.242,1037.021,1632.548,2026/08/24 09:21:58
2026-08-23T23:40:54.662Z,2026/08/24 09:30:00,2026/08/30 08:30:00,QLD1,2034.271,2048.858,1577.343,2379.29,2026/08/24 09:21:58
2026-08-23T23:40:54.662Z,2026/08/24 09:30:00,2026/08/30 09:00:00,QLD1,2628.829,2652.359,2082.964,3049.19,2026/08/24 09:21:58
2026-08-23T23:40:54.662Z,2026/08/24 09:30:00,2026/08/30 09:30:00,QLD1,3143.526,3168.24,2497.907,3609.503,2026/08/24 09:21:58
2026-08-23T23:40:54.662Z,2026/08/24 09:30:00,2026/08/30 10:00:00,QLD1,3540.195,3565.898,2840.328,4064.242,2026/08/24 09:21:58
2026-08-23T23:40:54.662Z,2026/08/24 09:30:00,2026/08/30 10:30:00,QLD1,3842.276,3870.625,3098.875,4391.94,2026/08/24 09:21:58
2026-08-23T23:40:54.662Z,2026/08/24 09:30:00,2026/08/30 11:00:00,QLD1,4049.853,4064.654,3268.308,4625.087,2026/08/24 09:21:58
2026-08-23T23:40:54.662Z,2026/08/24 09:30:00,2026/08/30 11:30:00,QLD1,4167.064,4189.709,3401.253,4760.226,2026/08/24 09:21:58
2026-08-23T23:40:54.662Z,2026/08/24 09:30:00,2026/08/30 12:00:00,QLD1,4221.22,4245.304,3450.753,4819.749,2026/08/24 09:21:58
2026-08-23T23:40:54.662Z,2026/08/24 09:30:00,2026/08/30 12:30:00,QLD1,4187.963,4218.44,3413.922,4797.875,2026/08/24 09:21:58
2026-08-23T23:40:54.662Z,2026/08/24 09:30:00,2026/08/30 13:00:00,QLD1,4051.512,4076.939,3293.724,4669.278,2026/08/24 09:21:58
2026-08-23T23:40:54.662Z,2026/08/24 09:30:00,2026/08/30 13:30:00,QLD1,3841.618,3859.138,3089.448,4453.399,2026/08/24 09:21:58
2026-08-23T23:40:54.662Z,2026/08/24 09:30:00,2026/08/30 14:00:00,QLD1,3551.054,3550.188,2708.931,4139.008,2026/08/24 09:21:58
2026-08-23T23:40:54.662Z,2026/08/24 09:30:00,2026/08/30 14:30:00,QLD1,3162.532,3150.305,2299.383,3692.575,2026/08/24 09:21:58
2026-08-23T23:40:54.662Z,2026/08/24 09:30:00,2026/08/30 15:00:00,QLD1,2692.278,2674.334,1904.113,3189.771,2026/08/24 09:21:58
2026-08-23T23:40:54.662Z,2026/08/24 09:30:00,2026/08/30 15:30:00,QLD1,2152.703,2127.585,1469.336,2593.713,2026/08/24 09:21:58
2026-08-23T23:40:54.662Z,2026/08/24 09:30:00,2026/08/30 16:00:00,QLD1,1559.093,1529.553,1017.903,1909.069,2026/08/24 09:21:58
2026-08-23T23:40:54.662Z,2026/08/24 09:30:00,2026/08/30 16:30:00,QLD1,964.963,937.223,600.614,1206.322,2026/08/24 09:21:58
2026-08-23T23:40:54.662Z,2026/08/24 09:30:00,2026/08/30 17:00:00,QLD1,413.12,398.403,226.283,562.504,2026/08/24 09:21:58
2026-08-23T23:40:54.662Z,2026/08/24 09:30:00,2026/08/30 17:30:00,QLD1,44.372,21.325,20.144,138.737,2026/08/24 09:21:58
2026-08-23T23:40:54.662Z,2026/08/24 09:30:00,2026/08/30 18:00:00,QLD1,0,0.97,0,19.554,2026/08/24 09:21:58
2026-08-23T23:40:54.662Z,2026/08/24 09:30:00,2026/08/30 18:30:00,QLD1,0,0.218,0,1.464,2026/08/24 09:21:58
2026-08-23T23:40:54.662Z,2026/08/24 09:30:00,2026/08/30 19:00:00,QLD1,0,0,0,0,2026/08/24 09:21:58
2026-08-23T23:40:54.662Z,2026/08/24 09:30:00,2026/08/30 19:30:00,QLD1,0,0,0,0,2026/08/24 09:21:58
2026-08-23T23:40:54.662Z,2026/08/24 09:30:00,2026/08/30 20:00:00,QLD1,0,0,0,0,2026/08/24 09:21:58
2026-08-23T23:40:54.662Z,2026/08/24 09:30:00,2026/08/30 20:30:00,QLD1,0,0,0,0,2026/08/24 09:21:58
2026-08-23T23:40:54.662Z,2026/08/24 09:30:00,2026/08/30 21:00:00,QLD1,0,0,0,0,2026/08/24 09:21:58
2026-08-23T23:40:54.662Z,2026/08/24 09:30:00,2026/08/30 21:30:00,QLD1,0,0,0,0,2026/08/24 09:21:58
2026-08-23T23:40:54.662Z,2026/08/24 09:30:00,2026/08/30 22:00:00,QLD1,0,0,0,0,2026/08/24 09:21:58
2026-08-23T23:40:54.662Z,2026/08/24 09:30:00,2026/08/30 22:30:00,QLD1,0,0,0,0,2026/08/24 09:21:58
2026-08-23T23:40:54.662Z,2026/08/24 09:30:00,2026/08/30 23:00:00,QLD1,0,0,0,0,2026/08/24 09:21:58
2026-08-23T23:40:54.662Z,2026/08/24 09:30:00,2026/08/30 23:30:00,QLD1,0,0,0,0,2026/08/24 09:21:58
2026-08-23T23:40:54.662Z,2026/08/24 09:30:00,2026/08/31 00:00:00,QLD1,0,0,0,0,2026/08/24 09:21:58
2026-08-23T23:40:54.662Z,2026/08/24 09:30:00,2026/08/31 00:30:00,QLD1,0,0,0,0,2026/08/24 09:21:58
2026-08-23T23:40:54.662Z,2026/08/24 09:30:00,2026/08/31 01:00:00,QLD1,0,0,0,0,2026/08/24 09:21:58
2026-08-23T23:40:54.662Z,2026/08/24 09:30:00,2026/08/31 01:30:00,QLD1,0,0,0,0,2026/08/24 09:21:58
2026-08-23T23:40:54.662Z,2026/08/24 09:30:00,2026/08/31 02:00:00,QLD1,0,0,0,0,2026/08/24 09:21:58
2026-08-23T23:40:54.662Z,2026/08/24 09:30:00,2026/08/31 02:30:00,QLD1,0,0,0,0,2026/08/24 09:21:58
2026-08-23T23:40:54.662Z,2026/08/24 09:30:00,2026/08/31 03:00:00,QLD1,0,0,0,0,2026/08/24 09:21:58
2026-08-23T23:40:54.662Z,2026/08/24 09:30:00,2026/08/31 03:30:00,QLD1,0,0,0,0,2026/08/24 09:21:58
2026-08-23T23:40:54.662Z,2026/08/24 09:30:00,2026/08/31 04:00:00,QLD1,0,0,0,0,2026/08/24 09:21:58
2026-08-23T23:40:54.662Z,2026/08/24 09:30:00,2026/08/31 04:30:00,QLD1,0,0,0,0,2026/08/24 09:21:58
2026-08-23T23:40:54.662Z,2026/08/24 09:30:00,2026/08/31 05:00:00,QLD1,0,0,0,0,2026/08/24 09:21:58
2026-08-23T23:40:54.662Z,2026/08/24 09:30:00,2026/08/31 05:30:00,QLD1,0,0,0,0,2026/08/24 09:21:58
2026-08-23T23:40:54.662Z,2026/08/24 09:30:00,2026/08/31 06:00:00,QLD1,0,0,0,0,2026/08/24 09:21:58
2026-08-23T23:40:54.662Z,2026/08/24 09:30:00,2026/08/31 06:30:00,QLD1,0,19.001,17.27,37.4,2026/08/24 09:21:58
2026-08-23T23:40:54.662Z,2026/08/24 09:30:00,2026/08/31 07:00:00,QLD1,196.289,200.061,82.189,352.841,2026/08/24 09:21:58
2026-08-23T23:40:54.662Z,2026/08/24 09:30:00,2026/08/31 07:30:00,QLD1,710.46,689.435,429.341,928.544,2026/08/24 09:21:58
2026-08-23T23:40:54.662Z,2026/08/24 09:30:00,2026/08/31 08:00:00,QLD1,1323.2,1316.769,904.632,1636.824,2026/08/24 09:21:58
2026-08-23T23:40:54.662Z,2026/08/24 09:30:00,2026/08/31 08:30:00,QLD1,1953.066,1960.675,1420.182,2349.224,2026/08/24 09:21:58
2026-08-23T23:40:54.662Z,2026/08/24 09:30:00,2026/08/31 09:00:00,QLD1,2534.018,2507.567,1862.157,2931.702,2026/08/24 09:21:58
2026-08-23T23:40:54.662Z,2026/08/24 09:30:00,2026/08/31 09:30:00,QLD1,3035.248,3004.609,2240.51,3449.996,2026/08/24 09:21:58
2026-08-23T23:40:54.662Z,2026/08/24 09:30:00,2026/08/31 10:00:00,QLD1,3815.75,3744.58,2468.814,4393.487,2026/08/24 09:21:58
2026-08-23T23:40:54.662Z,2026/08/24 09:30:00,2026/08/31 10:30:00,QLD1,4032.349,3992.026,2635.473,4649.201,2026/08/24 09:21:58
2026-08-23T23:40:54.662Z,2026/08/24 09:30:00,2026/08/31 11:00:00,QLD1,4148.224,4118.178,2751.112,4800.15,2026/08/24 09:21:58
2026-08-23T23:40:54.662Z,2026/08/24 09:30:00,2026/08/31 11:30:00,QLD1,4179.555,4120.162,2805.147,4833.508,2026/08/24 09:21:58
2026-08-23T23:40:54.662Z,2026/08/24 09:30:00,2026/08/31 12:00:00,QLD1,4143.625,4071.17,2814.181,4778.769,2026/08/24 09:21:58
2026-08-23T23:40:54.662Z,2026/08/24 09:30:00,2026/08/31 12:30:00,QLD1,4029.203,3951.89,2790.328,4667.251,2026/08/24 09:21:58
2026-08-23T23:40:54.662Z,2026/08/24 09:30:00,2026/08/31 13:00:00,QLD1,3825.788,3760.621,2756.96,4481.702,2026/08/24 09:21:58
2026-08-23T23:40:54.662Z,2026/08/24 09:30:00,2026/08/31 13:30:00,QLD1,3605.426,3554.11,2653.061,4244.017,2026/08/24 09:21:58
2026-08-23T23:40:54.662Z,2026/08/24 09:30:00,2026/08/31 14:00:00,QLD1,3358.385,3312.839,2478.685,3968.742,2026/08/24 09:21:58
2026-08-23T23:40:54.662Z,2026/08/24 09:30:00,2026/08/31 14:30:00,QLD1,3018.65,2992.927,2243.409,3621.837,2026/08/24 09:21:58
2026-08-23T23:40:54.662Z,2026/08/24 09:30:00,2026/08/31 15:00:00,QLD1,2594.091,2621.522,1953.92,3187.631,2026/08/24 09:21:58
2026-08-23T23:40:54.662Z,2026/08/24 09:30:00,2026/08/31 15:30:00,QLD1,2109.639,2168.23,1592.572,2633.234,2026/08/24 09:21:58
2026-08-23T23:40:54.662Z,2026/08/24 09:30:00,2026/08/31 16:00:00,QLD1,1584.775,1656.654,1202.837,2019.671,2026/08/24 09:21:58
2026-08-23T23:40:54.662Z,2026/08/24 09:30:00,2026/08/31 16:30:00,QLD1,1061.26,1087.947,804.074,1311.224,2026/08/24 09:21:58
2026-08-23T23:40:54.662Z,2026/08/24 09:30:00,2026/08/31 17:00:00,QLD1,551.374,554.294,411.261,658.64,2026/08/24 09:21:58
2026-08-23T23:40:54.662Z,2026/08/24 09:30:00,2026/08/31 17:30:00,QLD1,166.257,164.565,111.127,190.669,2026/08/24 09:21:58
2026-08-23T23:40:54.662Z,2026/08/24 09:30:00,2026/08/31 18:00:00,QLD1,0,0,0,19.82,2026/08/24 09:21:58
2026-08-23T23:40:54.662Z,2026/08/24 09:30:00,2026/08/31 18:30:00,QLD1,0,0,0,2.348,2026/08/24 09:21:58
2026-08-23T23:40:54.662Z,2026/08/24 09:30:00,2026/08/31 19:00:00,QLD1,0,0,0,0,2026/08/24 09:21:58
2026-08-23T23:40:54.662Z,2026/08/24 09:30:00,2026/08/31 19:30:00,QLD1,0,0,0,0,2026/08/24 09:21:58
2026-08-23T23:40:54.662Z,2026/08/24 09:30:00,2026/08/31 20:00:00,QLD1,0,0,0,0,2026/08/24 09:21:58
2026-08-23T23:40:54.662Z,2026/08/24 09:30:00,2026/08/31 20:30:00,QLD1,0,0,0,0,2026/08/24 09:21:58
2026-08-23T23:40:54.662Z,2026/08/24 09:30:00,2026/08/31 21:00:00,QLD1,0,0,0,0,2026/08/24 09:21:58
2026-08-23T23:40:54.662Z,2026/08/24 09:30:00,2026/08/31 21:30:00,QLD1,0,0,0,0,2026/08/24 09:21:58
2026-08-23T23:40:54.662Z,2026/08/24 09:30:00,2026/08/31 22:00:00,QLD1,0,0,0,0,2026/08/24 09:21:58
2026-08-23T23:40:54.662Z,2026/08/24 09:30:00,2026/08/31 22:30:00,QLD1,0,0,0,0,2026/08/24 09:21:58
2026-08-23T23:40:54.662Z,2026/08/24 09:30:00,2026/08/31 23:00:00,QLD1,0,0,0,0,2026/08/24 09:21:58
2026-08-23T23:40:54.662Z,2026/08/24 09:30:00,2026/08/31 23:30:00,QLD1,0,0,0,0,2026/08/24 09:21:58
2026-08-23T23:40:54.662Z,2026/08/24 09:30:00,2026/09/01 00:00:00,QLD1,0,0,0,0,2026/08/24 09:21:58
2026-08-23T23:40:54.662Z,2026/08/24 09:30:00,2026/09/01 00:30:00,QLD1,0,0,0,0,2026/08/24 09:21:58
2026-08-23T23:40:54.662Z,2026/08/24 09:30:00,2026/09/01 01:00:00,QLD1,0,0,0,0,2026/08/24 09:21:58
2026-08-23T23:40:54.662Z,2026/08/24 09:30:00,2026/09/01 01:30:00,QLD1,0,0,0,0,2026/08/24 09:21:58
2026-08-23T23:40:54.662Z,2026/08/24 09:30:00,2026/09/01 02:00:00,QLD1,0,0,0,0,2026/08/24 09:21:58
2026-08-23T23:40:54.662Z,2026/08/24 09:30:00,2026/09/01 02:30:00,QLD1,0,0,0,0,2026/08/24 09:21:58
2026-08-23T23:40:54.662Z,2026/08/24 09:30:00,2026/09/01 03:00:00,QLD1,0,0,0,0,2026/08/24 09:21:58
2026-08-23T23:40:54.662Z,2026/08/24 09:30:00,2026/09/01 03:30:00,QLD1,0,0,0,0,2026/08/24 09:21:58
2026-08-23T23:40:54.662Z,2026/08/24 09:30:00,2026/09/01 04:00:00,QLD1,0,0,0,0,2026/08/24 09:21:58
2026-08-23T23:40:54.662Z,2026/08/24 09:30:00,2026/08/24 10:00:00,SA1,216.957,208.857,142.737,283.241,2026/08/24 09:22:04
2026-08-23T23:40:54.662Z,2026/08/24 09:30:00,2026/08/24 10:30:00,SA1,258.72,234.055,148.595,358.806,2026/08/24 09:22:04
2026-08-23T23:40:54.662Z,2026/08/24 09:30:00,2026/08/24 11:00:00,SA1,270.278,242.884,146.009,405.163,2026/08/24 09:22:04
2026-08-23T23:40:54.662Z,2026/08/24 09:30:00,2026/08/24 11:30:00,SA1,307.315,276.777,173.979,469.717,2026/08/24 09:22:04
2026-08-23T23:40:54.662Z,2026/08/24 09:30:00,2026/08/24 12:00:00,SA1,348.185,319.262,199.748,539.916,2026/08/24 09:22:04
2026-08-23T23:40:54.662Z,2026/08/24 09:30:00,2026/08/24 12:30:00,SA1,322.717,293.268,189.96,541.576,2026/08/24 09:22:04
2026-08-23T23:40:54.662Z,2026/08/24 09:30:00,2026/08/24 13:00:00,SA1,312.552,280.064,177.337,529.197,2026/08/24 09:22:04
2026-08-23T23:40:54.662Z,2026/08/24 09:30:00,2026/08/24 13:30:00,SA1,305.953,271.534,173.143,515.14,2026/08/24 09:22:04
2026-08-23T23:40:54.662Z,2026/08/24 09:30:00,2026/08/24 14:00:00,SA1,291.154,264.476,164.568,506.764,2026/08/24 09:22:04
2026-08-23T23:40:54.662Z,2026/08/24 09:30:00,2026/08/24 14:30:00,SA1,271.668,257.573,152.559,478.829,2026/08/24 09:22:04
2026-08-23T23:40:54.662Z,2026/08/24 09:30:00,2026/08/24 15:00:00,SA1,256.575,253.348,147.828,456.297,2026/08/24 09:22:04
2026-08-23T23:40:54.662Z,2026/08/24 09:30:00,2026/08/24 15:30:00,SA1,226.81,226.376,137.318,405.626,2026/08/24 09:22:04
2026-08-23T23:40:54.662Z,2026/08/24 09:30:00,2026/08/24 16:00:00,SA1,185.427,184.728,111.604,338.761,2026/08/24 09:22:04
2026-08-23T23:40:54.662Z,2026/08/24 09:30:00,2026/08/24 16:30:00,SA1,143.57,143.825,86.474,265.938,2026/08/24 09:22:04
2026-08-23T23:40:54.662Z,2026/08/24 09:30:00,2026/08/24 17:00:00,SA1,99.793,103.383,60.139,184.713,2026/08/24 09:22:04
2026-08-23T23:40:54.662Z,2026/08/24 09:30:00,2026/08/24 17:30:00,SA1,54.76,57.084,32.114,102.237,2026/08/24 09:22:04
2026-08-23T23:40:54.662Z,2026/08/24 09:30:00,2026/08/24 18:00:00,SA1,15.67,16.398,9.191,31.498,2026/08/24 09:22:04
2026-08-23T23:40:54.662Z,2026/08/24 09:30:00,2026/08/24 18:30:00,SA1,0,0.286,0.045,1.688,2026/08/24 09:22:04
2026-08-23T23:40:54.662Z,2026/08/24 09:30:00,2026/08/24 19:00:00,SA1,0,0,0,0,2026/08/24 09:22:04
2026-08-23T23:40:54.662Z,2026/08/24 09:30:00,2026/08/24 19:30:00,SA1,0,0,0,0,2026/08/24 09:22:04
2026-08-23T23:40:54.662Z,2026/08/24 09:30:00,2026/08/24 20:00:00,SA1,0,0,0,0,2026/08/24 09:22:04
2026-08-23T23:40:54.662Z,2026/08/24 09:30:00,2026/08/24 20:30:00,SA1,0,0,0,0,2026/08/24 09:22:04
2026-08-23T23:40:54.662Z,2026/08/24 09:30:00,2026/08/24 21:00:00,SA1,0,0,0,0,2026/08/24 09:22:04
2026-08-23T23:40:54.662Z,2026/08/24 09:30:00,2026/08/24 21:30:00,SA1,0,0,0,0,2026/08/24 09:22:04
2026-08-23T23:40:54.662Z,2026/08/24 09:30:00,2026/08/24 22:00:00,SA1,0,0,0,0,2026/08/24 09:22:04
2026-08-23T23:40:54.662Z,2026/08/24 09:30:00,2026/08/24 22:30:00,SA1,0,0,0,0,2026/08/24 09:22:04
2026-08-23T23:40:54.662Z,2026/08/24 09:30:00,2026/08/24 23:00:00,SA1,0,0,0,0,2026/08/24 09:22:04
2026-08-23T23:40:54.662Z,2026/08/24 09:30:00,2026/08/24 23:30:00,SA1,0,0,0,0,2026/08/24 09:22:04
2026-08-23T23:40:54.662Z,2026/08/24 09:30:00,2026/08/25 00:00:00,SA1,0,0,0,0,2026/08/24 09:22:04
2026-08-23T23:40:54.662Z,2026/08/24 09:30:00,2026/08/25 00:30:00,SA1,0,0,0,0,2026/08/24 09:22:04
2026-08-23T23:40:54.662Z,2026/08/24 09:30:00,2026/08/25 01:00:00,SA1,0,0,0,0,2026/08/24 09:22:04
2026-08-23T23:40:54.662Z,2026/08/24 09:30:00,2026/08/25 01:30:00,SA1,0,0,0,0,2026/08/24 09:22:04
2026-08-23T23:40:54.662Z,2026/08/24 09:30:00,2026/08/25 02:00:00,SA1,0,0,0,0,2026/08/24 09:22:04
2026-08-23T23:40:54.662Z,2026/08/24 09:30:00,2026/08/25 02:30:00,SA1,0,0,0,0,2026/08/24 09:22:04
2026-08-23T23:40:54.662Z,2026/08/24 09:30:00,2026/08/25 03:00:00,SA1,0,0,0,0,2026/08/24 09:22:04
2026-08-23T23:40:54.662Z,2026/08/24 09:30:00,2026/08/25 03:30:00,SA1,0,0,0,0,2026/08/24 09:22:04
2026-08-23T23:40:54.662Z,2026/08/24 09:30:00,2026/08/25 04:00:00,SA1,0,0,0,0,2026/08/24 09:22:04
2026-08-23T23:40:54.662Z,2026/08/24 09:30:00,2026/08/25 04:30:00,SA1,0,0,0,0,2026/08/24 09:22:04
2026-08-23T23:40:54.662Z,2026/08/24 09:30:00,2026/08/25 05:00:00,SA1,0,0,0,0,2026/08/24 09:22:04
2026-08-23T23:40:54.662Z,2026/08/24 09:30:00,2026/08/25 05:30:00,SA1,0,0,0,0,2026/08/24 09:22:04
2026-08-23T23:40:54.662Z,2026/08/24 09:30:00,2026/08/25 06:00:00,SA1,0,0,0,0,2026/08/24 09:22:04
2026-08-23T23:40:54.662Z,2026/08/24 09:30:00,2026/08/25 06:30:00,SA1,0,0,0,0,2026/08/24 09:22:04
2026-08-23T23:40:54.662Z,2026/08/24 09:30:00,2026/08/25 07:00:00,SA1,0,0,0,0,2026/08/24 09:22:04
2026-08-23T23:40:54.662Z,2026/08/24 09:30:00,2026/08/25 07:30:00,SA1,0,0.132,0.124,0.763,2026/08/24 09:22:04
2026-08-23T23:40:54.662Z,2026/08/24 09:30:00,2026/08/25 08:00:00,SA1,26.434,26.256,15.867,40.119,2026/08/24 09:22:04
2026-08-23T23:40:54.662Z,2026/08/24 09:30:00,2026/08/25 08:30:00,SA1,116.175,116.378,74.252,166.54,2026/08/24 09:22:04
2026-08-23T23:40:54.662Z,2026/08/24 09:30:00,2026/08/25 09:00:00,SA1,237.057,237.864,154.035,338.068,2026/08/24 09:22:04
2026-08-23T23:40:54.662Z,2026/08/24 09:30:00,2026/08/25 09:30:00,SA1,370.145,371.419,241.762,529.089,2026/08/24 09:22:04
2026-08-23T23:40:54.662Z,2026/08/24 09:30:00,2026/08/25 10:00:00,SA1,511.424,518.528,348.659,717.549,2026/08/24 09:22:04
2026-08-23T23:40:54.662Z,2026/08/24 09:30:00,2026/08/25 10:30:00,SA1,653.553,661.528,459.217,892.451,2026/08/24 09:22:04
2026-08-23T23:40:54.662Z,2026/08/24 09:30:00,2026/08/25 11:00:00,SA1,786.434,803.735,574.498,1041.653,2026/08/24 09:22:04
2026-08-23T23:40:54.662Z,2026/08/24 09:30:00,2026/08/25 11:30:00,SA1,904.804,929.121,680.524,1167.5,2026/08/24 09:22:04
2026-08-23T23:40:54.662Z,2026/08/24 09:30:00,2026/08/25 12:00:00,SA1,1006.146,1036.941,770.371,1262.85,2026/08/24 09:22:04
2026-08-23T23:40:54.662Z,2026/08/24 09:30:00,2026/08/25 12:30:00,SA1,1083.233,1117.358,850.711,1330.278,2026/08/24 09:22:04
2026-08-23T23:40:54.662Z,2026/08/24 09:30:00,2026/08/25 13:00:00,SA1,1128.681,1159.923,895.802,1369.535,2026/08/24 09:22:04
2026-08-23T23:40:54.662Z,2026/08/24 09:30:00,2026/08/25 13:30:00,SA1,1145.024,1180.319,919.065,1375.207,2026/08/24 09:22:04
2026-08-23T23:40:54.662Z,2026/08/24 09:30:00,2026/08/25 14:00:00,SA1,1132.086,1169.473,911.735,1349.528,2026/08/24 09:22:04
2026-08-23T23:40:54.662Z,2026/08/24 09:30:00,2026/08/25 14:30:00,SA1,1089.795,1129.111,881.357,1298.579,2026/08/24 09:22:04
2026-08-23T23:40:54.662Z,2026/08/24 09:30:00,2026/08/25 15:00:00,SA1,1011.763,1049.071,821.898,1207.134,2026/08/24 09:22:04
2026-08-23T23:40:54.662Z,2026/08/24 09:30:00,2026/08/25 15:30:00,SA1,901.448,937.588,730.507,1083.699,2026/08/24 09:22:04
2026-08-23T23:40:54.662Z,2026/08/24 09:30:00,2026/08/25 16:00:00,SA1,754.851,784.377,605.523,914.409,2026/08/24 09:22:04
2026-08-23T23:40:54.662Z,2026/08/24 09:30:00,2026/08/25 16:30:00,SA1,590.767,613.76,472.998,717.723,2026/08/24 09:22:04
2026-08-23T23:40:54.662Z,2026/08/24 09:30:00,2026/08/25 17:00:00,SA1,412.719,428.577,333.638,496.726,2026/08/24 09:22:04
2026-08-23T23:40:54.662Z,2026/08/24 09:30:00,2026/08/25 17:30:00,SA1,232.349,241.026,188.04,276.705,2026/08/24 09:22:04
2026-08-23T23:40:54.662Z,2026/08/24 09:30:00,2026/08/25 18:00:00,SA1,72.658,75.17,54.303,90.328,2026/08/24 09:22:04
2026-08-23T23:40:54.662Z,2026/08/24 09:30:00,2026/08/25 18:30:00,SA1,0,0,0,0.473,2026/08/24 09:22:04
2026-08-23T23:40:54.662Z,2026/08/24 09:30:00,2026/08/25 19:00:00,SA1,0,0,0,0,2026/08/24 09:22:04
2026-08-23T23:40:54.662Z,2026/08/24 09:30:00,2026/08/25 19:30:00,SA1,0,0,0,0,2026/08/24 09:22:04
2026-08-23T23:40:54.662Z,2026/08/24 09:30:00,2026/08/25 20:00:00,SA1,0,0,0,0,2026/08/24 09:22:04
2026-08-23T23:40:54.662Z,2026/08/24 09:30:00,2026/08/25 20:30:00,SA1,0,0,0,0,2026/08/24 09:22:04
2026-08-23T23:40:54.662Z,2026/08/24 09:30:00,2026/08/25 21:00:00,SA1,0,0,0,0,2026/08/24 09:22:04
2026-08-23T23:40:54.662Z,2026/08/24 09:30:00,2026/08/25 21:30:00,SA1,0,0,0,0,2026/08/24 09:22:04
2026-08-23T23:40:54.662Z,2026/08/24 09:30:00,2026/08/25 22:00:00,SA1,0,0,0,0,2026/08/24 09:22:04
2026-08-23T23:40:54.662Z,2026/08/24 09:30:00,2026/08/25 22:30:00,SA1,0,0,0,0,2026/08/24 09:22:04
2026-08-23T23:40:54.662Z,2026/08/24 09:30:00,2026/08/25 23:00:00,SA1,0,0,0,0,2026/08/24 09:22:04
2026-08-23T23:40:54.662Z,2026/08/24 09:30:00,2026/08/25 23:30:00,SA1,0,0,0,0,2026/08/24 09:22:04
2026-08-23T23:40:54.662Z,2026/08/24 09:30:00,2026/08/26 00:00:00,SA1,0,0,0,0,2026/08/24 09:22:04
2026-08-23T23:40:54.662Z,2026/08/24 09:30:00,2026/08/26 00:30:00,SA1,0,0,0,0,2026/08/24 09:22:04
2026-08-23T23:40:54.662Z,2026/08/24 09:30:00,2026/08/26 01:00:00,SA1,0,0,0,0,2026/08/24 09:22:04
2026-08-23T23:40:54.662Z,2026/08/24 09:30:00,2026/08/26 01:30:00,SA1,0,0,0,0,2026/08/24 09:22:04
2026-08-23T23:40:54.662Z,2026/08/24 09:30:00,2026/08/26 02:00:00,SA1,0,0,0,0,2026/08/24 09:22:04
2026-08-23T23:40:54.662Z,2026/08/24 09:30:00,2026/08/26 02:30:00,SA1,0,0,0,0,2026/08/24 09:22:04
2026-08-23T23:40:54.662Z,2026/08/24 09:30:00,2026/08/26 03:00:00,SA1,0,0,0,0,2026/08/24 09:22:04
2026-08-23T23:40:54.662Z,2026/08/24 09:30:00,2026/08/26 03:30:00,SA1,0,0,0,0,2026/08/24 09:22:04
2026-08-23T23:40:54.662Z,2026/08/24 09:30:00,2026/08/26 04:00:00,SA1,0,0,0,0,2026/08/24 09:21:59
2026-08-23T23:40:54.662Z,2026/08/24 09:30:00,2026/08/26 04:30:00,SA1,0,0,0,0,2026/08/24 09:21:59
2026-08-23T23:40:54.662Z,2026/08/24 09:30:00,2026/08/26 05:00:00,SA1,0,0,0,0,2026/08/24 09:21:59
2026-08-23T23:40:54.662Z,2026/08/24 09:30:00,2026/08/26 05:30:00,SA1,0,0,0,0,2026/08/24 09:21:59
2026-08-23T23:40:54.662Z,2026/08/24 09:30:00,2026/08/26 06:00:00,SA1,0,0,0,0,2026/08/24 09:21:59
2026-08-23T23:40:54.662Z,2026/08/24 09:30:00,2026/08/26 06:30:00,SA1,0,0,0,0,2026/08/24 09:21:59
2026-08-23T23:40:54.662Z,2026/08/24 09:30:00,2026/08/26 07:00:00,SA1,0,0,0,0,2026/08/24 09:21:59
2026-08-23T23:40:54.662Z,2026/08/24 09:30:00,2026/08/26 07:30:00,SA1,0,0.282,0,3.13,2026/08/24 09:21:59
2026-08-23T23:40:54.662Z,2026/08/24 09:30:00,2026/08/26 08:00:00,SA1,54.455,56.002,37.942,66.592,2026/08/24 09:21:59
2026-08-23T23:40:54.662Z,2026/08/24 09:30:00,2026/08/26 08:30:00,SA1,212.411,219.301,161.119,246.43,2026/08/24 09:21:59
2026-08-23T23:40:54.662Z,2026/08/24 09:30:00,2026/08/26 09:00:00,SA1,410.422,423.482,308.576,480.766,2026/08/24 09:21:59
2026-08-23T23:40:54.662Z,2026/08/24 09:30:00,2026/08/26 09:30:00,SA1,614.171,633.55,456.72,721.24,2026/08/24 09:21:59
2026-08-23T23:40:54.662Z,2026/08/24 09:30:00,2026/08/26 10:00:00,SA1,804.547,830.663,604.247,943.539,2026/08/24 09:21:59
2026-08-23T23:40:54.662Z,2026/08/24 09:30:00,2026/08/26 10:30:00,SA1,962.319,994.854,730.172,1122.595,2026/08/24 09:21:59
2026-08-23T23:40:54.662Z,2026/08/24 09:30:00,2026/08/26 11:00:00,SA1,1089.322,1127.37,831.397,1268.544,2026/08/24 09:21:59
2026-08-23T23:40:54.662Z,2026/08/24 09:30:00,2026/08/26 11:30:00,SA1,1185.525,1226.637,907.659,1376.094,2026/08/24 09:21:59
2026-08-23T23:40:54.662Z,2026/08/24 09:30:00,2026/08/26 12:00:00,SA1,1261.077,1303.861,978.584,1462.17,2026/08/24 09:21:59
2026-08-23T23:40:54.662Z,2026/08/24 09:30:00,2026/08/26 12:30:00,SA1,1315.82,1362.904,1033.282,1517.647,2026/08/24 09:21:59
2026-08-23T23:40:54.662Z,2026/08/24 09:30:00,2026/08/26 13:00:00,SA1,1337.27,1388.298,1059.515,1540.274,2026/08/24 09:21:59
2026-08-23T23:40:54.662Z,2026/08/24 09:30:00,2026/08/26 13:30:00,SA1,1332.301,1387.495,1064.709,1534.637,2026/08/24 09:21:59
2026-08-23T23:40:54.662Z,2026/08/24 09:30:00,2026/08/26 14:00:00,SA1,1300.588,1357.416,1027.478,1499.136,2026/08/24 09:21:59
2026-08-23T23:40:54.662Z,2026/08/24 09:30:00,2026/08/26 14:30:00,SA1,1240.337,1297.349,976.494,1434.015,2026/08/24 09:21:59
2026-08-23T23:40:54.662Z,2026/08/24 09:30:00,2026/08/26 15:00:00,SA1,1147.525,1197.394,908.115,1328.94,2026/08/24 09:21:59
2026-08-23T23:40:54.662Z,2026/08/24 09:30:00,2026/08/26 15:30:00,SA1,1025.283,1072.83,810.055,1195.332,2026/08/24 09:21:59
2026-08-23T23:40:54.662Z,2026/08/24 09:30:00,2026/08/26 16:00:00,SA1,868.492,912.881,678.324,1022.648,2026/08/24 09:21:59
2026-08-23T23:40:54.662Z,2026/08/24 09:30:00,2026/08/26 16:30:00,SA1,677.312,708.98,524.208,802.261,2026/08/24 09:21:59
2026-08-23T23:40:54.662Z,2026/08/24 09:30:00,2026/08/26 17:00:00,SA1,472.654,496.276,371.086,557.879,2026/08/24 09:21:59
2026-08-23T23:40:54.662Z,2026/08/24 09:30:00,2026/08/26 17:30:00,SA1,269.341,284.36,215.84,317.115,2026/08/24 09:21:59
2026-08-23T23:40:54.662Z,2026/08/24 09:30:00,2026/08/26 18:00:00,SA1,90.978,96.024,70.576,108.567,2026/08/24 09:21:59
2026-08-23T23:40:54.662Z,2026/08/24 09:30:00,2026/08/26 18:30:00,SA1,0,0,0,4.552,2026/08/24 09:21:59
2026-08-23T23:40:54.662Z,2026/08/24 09:30:00,2026/08/26 19:00:00,SA1,0,0,0,0,2026/08/24 09:21:59
2026-08-23T23:40:54.662Z,2026/08/24 09:30:00,2026/08/26 19:30:00,SA1,0,0,0,0,2026/08/24 09:21:59
2026-08-23T23:40:54.662Z,2026/08/24 09:30:00,2026/08/26 20:00:00,SA1,0,0,0,0,2026/08/24 09:21:59
2026-08-23T23:40:54.662Z,2026/08/24 09:30:00,2026/08/26 20:30:00,SA1,0,0,0,0,2026/08/24 09:21:59
2026-08-23T23:40:54.662Z,2026/08/24 09:30:00,2026/08/26 21:00:00,SA1,0,0,0,0,2026/08/24 09:21:59
2026-08-23T23:40:54.662Z,2026/08/24 09:30:00,2026/08/26 21:30:00,SA1,0,0,0,0,2026/08/24 09:21:59
2026-08-23T23:40:54.662Z,2026/08/24 09:30:00,2026/08/26 22:00:00,SA1,0,0,0,0,2026/08/24 09:21:59
2026-08-23T23:40:54.662Z,2026/08/24 09:30:00,2026/08/26 22:30:00,SA1,0,0,0,0,2026/08/24 09:21:59
2026-08-23T23:40:54.662Z,2026/08/24 09:30:00,2026/08/26 23:00:00,SA1,0,0,0,0,2026/08/24 09:21:59
2026-08-23T23:40:54.662Z,2026/08/24 09:30:00,2026/08/26 23:30:00,SA1,0,0,0,0,2026/08/24 09:21:59
2026-08-23T23:40:54.662Z,2026/08/24 09:30:00,2026/08/27 00:00:00,SA1,0,0,0,0,2026/08/24 09:21:59
2026-08-23T23:40:54.662Z,2026/08/24 09:30:00,2026/08/27 00:30:00,SA1,0,0,0,0,2026/08/24 09:21:59
2026-08-23T23:40:54.662Z,2026/08/24 09:30:00,2026/08/27 01:00:00,SA1,0,0,0,0,2026/08/24 09:21:59
2026-08-23T23:40:54.662Z,2026/08/24 09:30:00,2026/08/27 01:30:00,SA1,0,0,0,0,2026/08/24 09:21:59
2026-08-23T23:40:54.662Z,2026/08/24 09:30:00,2026/08/27 02:00:00,SA1,0,0,0,0,2026/08/24 09:21:59
2026-08-23T23:40:54.662Z,2026/08/24 09:30:00,2026/08/27 02:30:00,SA1,0,0,0,0,2026/08/24 09:21:59
2026-08-23T23:40:54.662Z,2026/08/24 09:30:00,2026/08/27 03:00:00,SA1,0,0,0,0,2026/08/24 09:21:59
2026-08-23T23:40:54.662Z,2026/08/24 09:30:00,2026/08/27 03:30:00,SA1,0,0,0,0,2026/08/24 09:21:59
2026-08-23T23:40:54.662Z,2026/08/24 09:30:00,2026/08/27 04:00:00,SA1,0,0,0,0,2026/08/24 09:21:59
2026-08-23T23:40:54.662Z,2026/08/24 09:30:00,2026/08/27 04:30:00,SA1,0,0,0,0,2026/08/24 09:21:59
2026-08-23T23:40:54.662Z,2026/08/24 09:30:00,2026/08/27 05:00:00,SA1,0,0,0,0,2026/08/24 09:21:59
2026-08-23T23:40:54.662Z,2026/08/24 09:30:00,2026/08/27 05:30:00,SA1,0,0,0,0,2026/08/24 09:21:59
2026-08-23T23:40:54.662Z,2026/08/24 09:30:00,2026/08/27 06:00:00,SA1,0,0,0,0,2026/08/24 09:21:59
2026-08-23T23:40:54.662Z,2026/08/24 09:30:00,2026/08/27 06:30:00,SA1,0,0,0,0,2026/08/24 09:21:59
2026-08-23T23:40:54.662Z,2026/08/24 09:30:00,2026/08/27 07:00:00,SA1,0,0,0,0,2026/08/24 09:21:59
2026-08-23T23:40:54.662Z,2026/08/24 09:30:00,2026/08/27 07:30:00,SA1,0,0.604,0,2.88,2026/08/24 09:21:59
2026-08-23T23:40:54.662Z,2026/08/24 09:30:00,2026/08/27 08:00:00,SA1,75.732,79.186,63.174,86.354,2026/08/24 09:21:59
2026-08-23T23:40:54.662Z,2026/08/24 09:30:00,2026/08/27 08:30:00,SA1,240.467,251.477,194.952,275.89,2026/08/24 09:21:59
2026-08-23T23:40:54.662Z,2026/08/24 09:30:00,2026/08/27 09:00:00,SA1,448.554,468.016,341.295,524.725,2026/08/24 09:21:59
2026-08-23T23:40:54.662Z,2026/08/24 09:30:00,2026/08/27 09:30:00,SA1,671.119,699.906,495.651,789.421,2026/08/24 09:21:59
2026-08-23T23:40:54.662Z,2026/08/24 09:30:00,2026/08/27 10:00:00,SA1,888.964,928.735,677.741,1032.984,2026/08/24 09:21:59
2026-08-23T23:40:54.662Z,2026/08/24 09:30:00,2026/08/27 10:30:00,SA1,1081.152,1130.519,855.135,1242.779,2026/08/24 09:21:59
2026-08-23T23:40:54.662Z,2026/08/24 09:30:00,2026/08/27 11:00:00,SA1,1243.216,1302.788,1010.728,1418.942,2026/08/24 09:21:59
2026-08-23T23:40:54.662Z,2026/08/24 09:30:00,2026/08/27 11:30:00,SA1,1373.2,1438.415,1148.344,1559.467,2026/08/24 09:21:59
2026-08-23T23:40:54.662Z,2026/08/24 09:30:00,2026/08/27 12:00:00,SA1,1468.017,1541.301,1279.633,1666.906,2026/08/24 09:21:59
2026-08-23T23:40:54.662Z,2026/08/24 09:30:00,2026/08/27 12:30:00,SA1,1525.759,1603.729,1354.898,1730.418,2026/08/24 09:21:59
2026-08-23T23:40:54.662Z,2026/08/24 09:30:00,2026/08/27 13:00:00,SA1,1543.021,1621.913,1374.589,1749.313,2026/08/24 09:21:59
2026-08-23T23:40:54.662Z,2026/08/24 09:30:00,2026/08/27 13:30:00,SA1,1528.132,1607.476,1328.18,1735.452,2026/08/24 09:21:59
2026-08-23T23:40:54.662Z,2026/08/24 09:30:00,2026/08/27 14:00:00,SA1,1481.909,1560.033,1270.671,1684.347,2026/08/24 09:21:59
2026-08-23T23:40:54.662Z,2026/08/24 09:30:00,2026/08/27 14:30:00,SA1,1405.539,1482.264,1183.224,1601.35,2026/08/24 09:21:59
2026-08-23T23:40:54.662Z,2026/08/24 09:30:00,2026/08/27 15:00:00,SA1,1295.142,1366.292,1064.662,1475.386,2026/08/24 09:21:59
2026-08-23T23:40:54.662Z,2026/08/24 09:30:00,2026/08/27 15:30:00,SA1,1153.65,1214.362,924.496,1312.408,2026/08/24 09:21:59
2026-08-23T23:40:54.662Z,2026/08/24 09:30:00,2026/08/27 16:00:00,SA1,977.072,1028.004,763.886,1110.171,2026/08/24 09:21:59
2026-08-23T23:40:54.662Z,2026/08/24 09:30:00,2026/08/27 16:30:00,SA1,765.775,807.017,587.511,871.677,2026/08/24 09:21:59
2026-08-23T23:40:54.662Z,2026/08/24 09:30:00,2026/08/27 17:00:00,SA1,538.138,568.409,433.126,608.742,2026/08/24 09:21:59
2026-08-23T23:40:54.662Z,2026/08/24 09:30:00,2026/08/27 17:30:00,SA1,313.986,330.979,262.541,353.85,2026/08/24 09:21:59
2026-08-23T23:40:54.662Z,2026/08/24 09:30:00,2026/08/27 18:00:00,SA1,116.675,122.698,99.689,130.85,2026/08/24 09:21:59
2026-08-23T23:40:54.662Z,2026/08/24 09:30:00,2026/08/27 18:30:00,SA1,0,0.218,0,1.941,2026/08/24 09:21:59
2026-08-23T23:40:54.662Z,2026/08/24 09:30:00,2026/08/27 19:00:00,SA1,0,0,0,0,2026/08/24 09:21:59
2026-08-23T23:40:54.662Z,2026/08/24 09:30:00,2026/08/27 19:30:00,SA1,0,0,0,0,2026/08/24 09:21:59
2026-08-23T23:40:54.662Z,2026/08/24 09:30:00,2026/08/27 20:00:00,SA1,0,0,0,0,2026/08/24 09:21:59
2026-08-23T23:40:54.662Z,2026/08/24 09:30:00,2026/08/27 20:30:00,SA1,0,0,0,0,2026/08/24 09:21:59
2026-08-23T23:40:54.662Z,2026/08/24 09:30:00,2026/08/27 21:00:00,SA1,0,0,0,0,2026/08/24 09:21:59
2026-08-23T23:40:54.662Z,2026/08/24 09:30:00,2026/08/27 21:30:00,SA1,0,0,0,0,2026/08/24 09:21:59
2026-08-23T23:40:54.662Z,2026/08/24 09:30:00,2026/08/27 22:00:00,SA1,0,0,0,0,2026/08/24 09:21:59
2026-08-23T23:40:54.662Z,2026/08/24 09:30:00,2026/08/27 22:30:00,SA1,0,0,0,0,2026/08/24 09:21:59
2026-08-23T23:40:54.662Z,2026/08/24 09:30:00,2026/08/27 23:00:00,SA1,0,0,0,0,2026/08/24 09:21:59
2026-08-23T23:40:54.662Z,2026/08/24 09:30:00,2026/08/27 23:30:00,SA1,0,0,0,0,2026/08/24 09:21:59
2026-08-23T23:40:54.662Z,2026/08/24 09:30:00,2026/08/28 00:00:00,SA1,0,0,0,0,2026/08/24 09:21:59
2026-08-23T23:40:54.662Z,2026/08/24 09:30:00,2026/08/28 00:30:00,SA1,0,0,0,0,2026/08/24 09:21:59
2026-08-23T23:40:54.662Z,2026/08/24 09:30:00,2026/08/28 01:00:00,SA1,0,0,0,0,2026/08/24 09:21:59
2026-08-23T23:40:54.662Z,2026/08/24 09:30:00,2026/08/28 01:30:00,SA1,0,0,0,0,2026/08/24 09:21:59
2026-08-23T23:40:54.662Z,2026/08/24 09:30:00,2026/08/28 02:00:00,SA1,0,0,0,0,2026/08/24 09:21:59
2026-08-23T23:40:54.662Z,2026/08/24 09:30:00,2026/08/28 02:30:00,SA1,0,0,0,0,2026/08/24 09:21:59
2026-08-23T23:40:54.662Z,2026/08/24 09:30:00,2026/08/28 03:00:00,SA1,0,0,0,0,2026/08/24 09:21:59
2026-08-23T23:40:54.662Z,2026/08/24 09:30:00,2026/08/28 03:30:00,SA1,0,0,0,0,2026/08/24 09:21:59
2026-08-23T23:40:54.662Z,2026/08/24 09:30:00,2026/08/28 04:00:00,SA1,0,0,0,0,2026/08/24 09:21:59
2026-08-23T23:40:54.662Z,2026/08/24 09:30:00,2026/08/28 04:30:00,SA1,0,0,0,0,2026/08/24 09:21:59
2026-08-23T23:40:54.662Z,2026/08/24 09:30:00,2026/08/28 05:00:00,SA1,0,0,0,0,2026/08/24 09:21:59
2026-08-23T23:40:54.662Z,2026/08/24 09:30:00,2026/08/28 05:30:00,SA1,0,0,0,0,2026/08/24 09:21:59
2026-08-23T23:40:54.662Z,2026/08/24 09:30:00,2026/08/28 06:00:00,SA1,0,0,0,0,2026/08/24 09:21:59
2026-08-23T23:40:54.662Z,2026/08/24 09:30:00,2026/08/28 06:30:00,SA1,0,0,0,0,2026/08/24 09:21:59
2026-08-23T23:40:54.662Z,2026/08/24 09:30:00,2026/08/28 07:00:00,SA1,0,0,0,0,2026/08/24 09:21:59
2026-08-23T23:40:54.662Z,2026/08/24 09:30:00,2026/08/28 07:30:00,SA1,0,0,0,7.401,2026/08/24 09:21:59
2026-08-23T23:40:54.662Z,2026/08/24 09:30:00,2026/08/28 08:00:00,SA1,75.009,81.18,49.099,89.001,2026/08/24 09:21:59
2026-08-23T23:40:54.662Z,2026/08/24 09:30:00,2026/08/28 08:30:00,SA1,218.121,236.78,133.704,262.576,2026/08/24 09:21:59
2026-08-23T23:40:54.662Z,2026/08/24 09:30:00,2026/08/28 09:00:00,SA1,392.92,428.303,235.792,480.48,2026/08/24 09:21:59
2026-08-23T23:40:54.662Z,2026/08/24 09:30:00,2026/08/28 09:30:00,SA1,574.973,627.578,345.838,706.29,2026/08/24 09:21:59
2026-08-23T23:40:54.662Z,2026/08/24 09:30:00,2026/08/28 10:00:00,SA1,751.691,820.982,450.706,919.62,2026/08/24 09:21:59
2026-08-23T23:40:54.662Z,2026/08/24 09:30:00,2026/08/28 10:30:00,SA1,908.299,993.069,546.602,1107.29,2026/08/24 09:21:59
2026-08-23T23:40:54.662Z,2026/08/24 09:30:00,2026/08/28 11:00:00,SA1,1037.626,1133.1,636.106,1264.765,2026/08/24 09:21:59
2026-08-23T23:40:54.662Z,2026/08/24 09:30:00,2026/08/28 11:30:00,SA1,1139.234,1242.636,693.033,1384.793,2026/08/24 09:21:59
2026-08-23T23:40:54.662Z,2026/08/24 09:30:00,2026/08/28 12:00:00,SA1,1212.081,1321.336,760.786,1470.933,2026/08/24 09:21:59
2026-08-23T23:40:54.662Z,2026/08/24 09:30:00,2026/08/28 12:30:00,SA1,1252.514,1364.477,822.763,1528.713,2026/08/24 09:21:59
2026-08-23T23:40:54.662Z,2026/08/24 09:30:00,2026/08/28 13:00:00,SA1,1259.123,1372.03,827.685,1536.284,2026/08/24 09:21:59
2026-08-23T23:40:54.662Z,2026/08/24 09:30:00,2026/08/28 13:30:00,SA1,1248.269,1360.462,821.931,1525.031,2026/08/24 09:21:59
2026-08-23T23:40:54.662Z,2026/08/24 09:30:00,2026/08/28 14:00:00,SA1,1213.374,1319.804,795.932,1485.141,2026/08/24 09:21:59
2026-08-23T23:40:54.662Z,2026/08/24 09:30:00,2026/08/28 14:30:00,SA1,1150.425,1250.434,743.384,1407.436,2026/08/24 09:21:59
2026-08-23T23:40:54.662Z,2026/08/24 09:30:00,2026/08/28 15:00:00,SA1,1059.359,1152.851,689.269,1298.123,2026/08/24 09:21:59
2026-08-23T23:40:54.662Z,2026/08/24 09:30:00,2026/08/28 15:30:00,SA1,943.065,1024.234,627.399,1154.37,2026/08/24 09:21:59
2026-08-23T23:40:54.662Z,2026/08/24 09:30:00,2026/08/28 16:00:00,SA1,792.479,858.733,527.82,979.683,2026/08/24 09:21:59
2026-08-23T23:40:54.662Z,2026/08/24 09:30:00,2026/08/28 16:30:00,SA1,619.885,672.46,411.878,774.22,2026/08/24 09:21:59
2026-08-23T23:40:54.662Z,2026/08/24 09:30:00,2026/08/28 17:00:00,SA1,436.443,473.881,295.08,536.267,2026/08/24 09:21:59
2026-08-23T23:40:54.662Z,2026/08/24 09:30:00,2026/08/28 17:30:00,SA1,255.526,277.313,176.1,308.922,2026/08/24 09:21:59
2026-08-23T23:40:54.662Z,2026/08/24 09:30:00,2026/08/28 18:00:00,SA1,96.022,104.111,66.69,115.008,2026/08/24 09:21:59
2026-08-23T23:40:54.662Z,2026/08/24 09:30:00,2026/08/28 18:30:00,SA1,0,0,0,1.938,2026/08/24 09:21:59
2026-08-23T23:40:54.662Z,2026/08/24 09:30:00,2026/08/28 19:00:00,SA1,0,0,0,0,2026/08/24 09:21:59
2026-08-23T23:40:54.662Z,2026/08/24 09:30:00,2026/08/28 19:30:00,SA1,0,0,0,0,2026/08/24 09:21:59
2026-08-23T23:40:54.662Z,2026/08/24 09:30:00,2026/08/28 20:00:00,SA1,0,0,0,0,2026/08/24 09:21:59
2026-08-23T23:40:54.662Z,2026/08/24 09:30:00,2026/08/28 20:30:00,SA1,0,0,0,0,2026/08/24 09:21:59
2026-08-23T23:40:54.662Z,2026/08/24 09:30:00,2026/08/28 21:00:00,SA1,0,0,0,0,2026/08/24 09:21:59
2026-08-23T23:40:54.662Z,2026/08/24 09:30:00,2026/08/28 21:30:00,SA1,0,0,0,0,2026/08/24 09:21:59
2026-08-23T23:40:54.662Z,2026/08/24 09:30:00,2026/08/28 22:00:00,SA1,0,0,0,0,2026/08/24 09:21:59
2026-08-23T23:40:54.662Z,2026/08/24 09:30:00,2026/08/28 22:30:00,SA1,0,0,0,0,2026/08/24 09:21:59
2026-08-23T23:40:54.662Z,2026/08/24 09:30:00,2026/08/28 23:00:00,SA1,0,0,0,0,2026/08/24 09:21:59
2026-08-23T23:40:54.662Z,2026/08/24 09:30:00,2026/08/28 23:30:00,SA1,0,0,0,0,2026/08/24 09:21:59
2026-08-23T23:40:54.662Z,2026/08/24 09:30:00,2026/08/29 00:00:00,SA1,0,0,0,0,2026/08/24 09:21:59
2026-08-23T23:40:54.662Z,2026/08/24 09:30:00,2026/08/29 00:30:00,SA1,0,0,0,0,2026/08/24 09:21:59
2026-08-23T23:40:54.662Z,2026/08/24 09:30:00,2026/08/29 01:00:00,SA1,0,0,0,0,2026/08/24 09:21:59
2026-08-23T23:40:54.662Z,2026/08/24 09:30:00,2026/08/29 01:30:00,SA1,0,0,0,0,2026/08/24 09:21:59
2026-08-23T23:40:54.662Z,2026/08/24 09:30:00,2026/08/29 02:00:00,SA1,0,0,0,0,2026/08/24 09:21:59
2026-08-23T23:40:54.662Z,2026/08/24 09:30:00,2026/08/29 02:30:00,SA1,0,0,0,0,2026/08/24 09:21:59
2026-08-23T23:40:54.662Z,2026/08/24 09:30:00,2026/08/29 03:00:00,SA1,0,0,0,0,2026/08/24 09:21:59
2026-08-23T23:40:54.662Z,2026/08/24 09:30:00,2026/08/29 03:30:00,SA1,0,0,0,0,2026/08/24 09:21:59
2026-08-23T23:40:54.662Z,2026/08/24 09:30:00,2026/08/29 04:00:00,SA1,0,0,0,0,2026/08/24 09:21:59
2026-08-23T23:40:54.662Z,2026/08/24 09:30:00,2026/08/29 04:30:00,SA1,0,0,0,0,2026/08/24 09:21:59
2026-08-23T23:40:54.662Z,2026/08/24 09:30:00,2026/08/29 05:00:00,SA1,0,0,0,0,2026/08/24 09:21:59
2026-08-23T23:40:54.662Z,2026/08/24 09:30:00,2026/08/29 05:30:00,SA1,0,0,0,0,2026/08/24 09:21:59
2026-08-23T23:40:54.662Z,2026/08/24 09:30:00,2026/08/29 06:00:00,SA1,0,0,0,0,2026/08/24 09:21:59
2026-08-23T23:40:54.662Z,2026/08/24 09:30:00,2026/08/29 06:30:00,SA1,0,0,0,0,2026/08/24 09:21:59
2026-08-23T23:40:54.662Z,2026/08/24 09:30:00,2026/08/29 07:00:00,SA1,0,0,0,0,2026/08/24 09:21:59
2026-08-23T23:40:54.662Z,2026/08/24 09:30:00,2026/08/29 07:30:00,SA1,0,0,0,8.375,2026/08/24 09:21:59
2026-08-23T23:40:54.662Z,2026/08/24 09:30:00,2026/08/29 08:00:00,SA1,75.981,79.987,47.176,91.372,2026/08/24 09:21:59
2026-08-23T23:40:54.662Z,2026/08/24 09:30:00,2026/08/29 08:30:00,SA1,219.961,232.793,135.143,269.469,2026/08/24 09:21:59
2026-08-23T23:40:54.662Z,2026/08/24 09:30:00,2026/08/29 09:00:00,SA1,395.634,418.886,252.64,498.918,2026/08/24 09:21:59
2026-08-23T23:40:54.662Z,2026/08/24 09:30:00,2026/08/29 09:30:00,SA1,580.668,611.455,369.468,738.891,2026/08/24 09:21:59
2026-08-23T23:40:54.662Z,2026/08/24 09:30:00,2026/08/29 10:00:00,SA1,758.934,803.014,491.712,955.116,2026/08/24 09:21:59
2026-08-23T23:40:54.662Z,2026/08/24 09:30:00,2026/08/29 10:30:00,SA1,917.656,972.646,606.817,1140.962,2026/08/24 09:21:59
2026-08-23T23:40:54.662Z,2026/08/24 09:30:00,2026/08/29 11:00:00,SA1,1052.432,1119.515,701.969,1295.948,2026/08/24 09:21:59
2026-08-23T23:40:54.662Z,2026/08/24 09:30:00,2026/08/29 11:30:00,SA1,1162.317,1239.302,787.945,1420.319,2026/08/24 09:21:59
2026-08-23T23:40:54.662Z,2026/08/24 09:30:00,2026/08/29 12:00:00,SA1,1243.184,1332.341,848.115,1509.553,2026/08/24 09:21:59
2026-08-23T23:40:54.662Z,2026/08/24 09:30:00,2026/08/29 12:30:00,SA1,1293.611,1390.584,884.704,1564.899,2026/08/24 09:21:59
2026-08-23T23:40:54.662Z,2026/08/24 09:30:00,2026/08/29 13:00:00,SA1,1311.23,1410.233,890.117,1587.635,2026/08/24 09:21:59
2026-08-23T23:40:54.662Z,2026/08/24 09:30:00,2026/08/29 13:30:00,SA1,1301.732,1400.179,889.967,1573.607,2026/08/24 09:21:59
2026-08-23T23:40:54.662Z,2026/08/24 09:30:00,2026/08/29 14:00:00,SA1,1269.195,1366.472,868.666,1538.249,2026/08/24 09:21:59
2026-08-23T23:40:54.662Z,2026/08/24 09:30:00,2026/08/29 14:30:00,SA1,1210.319,1296.381,815.945,1468.125,2026/08/24 09:21:59
2026-08-23T23:40:54.662Z,2026/08/24 09:30:00,2026/08/29 15:00:00,SA1,1120.399,1195.388,733.227,1362.724,2026/08/24 09:21:59
2026-08-23T23:40:54.662Z,2026/08/24 09:30:00,2026/08/29 15:30:00,SA1,1003.59,1066.343,644.308,1215.553,2026/08/24 09:21:59
2026-08-23T23:40:54.662Z,2026/08/24 09:30:00,2026/08/29 16:00:00,SA1,852.67,904.625,540.609,1034.847,2026/08/24 09:21:59
2026-08-23T23:40:54.662Z,2026/08/24 09:30:00,2026/08/29 16:30:00,SA1,670.753,709.954,416.498,816.882,2026/08/24 09:21:59
2026-08-23T23:40:54.662Z,2026/08/24 09:30:00,2026/08/29 17:00:00,SA1,472.813,502.794,296.386,572.815,2026/08/24 09:21:59
2026-08-23T23:40:54.662Z,2026/08/24 09:30:00,2026/08/29 17:30:00,SA1,280.488,299.346,180.679,337.168,2026/08/24 09:21:59
2026-08-23T23:40:54.662Z,2026/08/24 09:30:00,2026/08/29 18:00:00,SA1,111.927,120.073,75.788,132.895,2026/08/24 09:21:59
2026-08-23T23:40:54.662Z,2026/08/24 09:30:00,2026/08/29 18:30:00,SA1,0,1.886,0,14.641,2026/08/24 09:21:59
2026-08-23T23:40:54.662Z,2026/08/24 09:30:00,2026/08/29 19:00:00,SA1,0,0,0,0,2026/08/24 09:21:59
2026-08-23T23:40:54.662Z,2026/08/24 09:30:00,2026/08/29 19:30:00,SA1,0,0,0,0,2026/08/24 09:21:59
2026-08-23T23:40:54.662Z,2026/08/24 09:30:00,2026/08/29 20:00:00,SA1,0,0,0,0,2026/08/24 09:21:59
2026-08-23T23:40:54.662Z,2026/08/24 09:30:00,2026/08/29 20:30:00,SA1,0,0,0,0,2026/08/24 09:21:59
2026-08-23T23:40:54.662Z,2026/08/24 09:30:00,2026/08/29 21:00:00,SA1,0,0,0,0,2026/08/24 09:21:59
2026-08-23T23:40:54.662Z,2026/08/24 09:30:00,2026/08/29 21:30:00,SA1,0,0,0,0,2026/08/24 09:21:59
2026-08-23T23:40:54.662Z,2026/08/24 09:30:00,2026/08/29 22:00:00,SA1,0,0,0,0,2026/08/24 09:21:59
2026-08-23T23:40:54.662Z,2026/08/24 09:30:00,2026/08/29 22:30:00,SA1,0,0,0,0,2026/08/24 09:21:59
2026-08-23T23:40:54.662Z,2026/08/24 09:30:00,2026/08/29 23:00:00,SA1,0,0,0,0,2026/08/24 09:21:59
2026-08-23T23:40:54.662Z,2026/08/24 09:30:00,2026/08/29 23:30:00,SA1,0,0,0,0,2026/08/24 09:21:59
2026-08-23T23:40:54.662Z,2026/08/24 09:30:00,2026/08/30 00:00:00,SA1,0,0,0,0,2026/08/24 09:21:59
2026-08-23T23:40:54.662Z,2026/08/24 09:30:00,2026/08/30 00:30:00,SA1,0,0,0,0,2026/08/24 09:21:59
2026-08-23T23:40:54.662Z,2026/08/24 09:30:00,2026/08/30 01:00:00,SA1,0,0,0,0,2026/08/24 09:21:59
2026-08-23T23:40:54.662Z,2026/08/24 09:30:00,2026/08/30 01:30:00,SA1,0,0,0,0,2026/08/24 09:21:59
2026-08-23T23:40:54.662Z,2026/08/24 09:30:00,2026/08/30 02:00:00,SA1,0,0,0,0,2026/08/24 09:21:59
2026-08-23T23:40:54.662Z,2026/08/24 09:30:00,2026/08/30 02:30:00,SA1,0,0,0,0,2026/08/24 09:21:59
2026-08-23T23:40:54.662Z,2026/08/24 09:30:00,2026/08/30 03:00:00,SA1,0,0,0,0,2026/08/24 09:21:59
2026-08-23T23:40:54.662Z,2026/08/24 09:30:00,2026/08/30 03:30:00,SA1,0,0,0,0,2026/08/24 09:21:59
2026-08-23T23:40:54.662Z,2026/08/24 09:30:00,2026/08/30 04:00:00,SA1,0,0,0,0,2026/08/24 09:21:59
2026-08-23T23:40:54.662Z,2026/08/24 09:30:00,2026/08/30 04:30:00,SA1,0,0,0,0,2026/08/24 09:21:59
2026-08-23T23:40:54.662Z,2026/08/24 09:30:00,2026/08/30 05:00:00,SA1,0,0,0,0,2026/08/24 09:21:59
2026-08-23T23:40:54.662Z,2026/08/24 09:30:00,2026/08/30 05:30:00,SA1,0,0,0,0,2026/08/24 09:21:59
2026-08-23T23:40:54.662Z,2026/08/24 09:30:00,2026/08/30 06:00:00,SA1,0,0,0,0,2026/08/24 09:21:59
2026-08-23T23:40:54.662Z,2026/08/24 09:30:00,2026/08/30 06:30:00,SA1,0,0,0,0,2026/08/24 09:21:59
2026-08-23T23:40:54.662Z,2026/08/24 09:30:00,2026/08/30 07:00:00,SA1,0,0,0,0,2026/08/24 09:21:59
2026-08-23T23:40:54.662Z,2026/08/24 09:30:00,2026/08/30 07:30:00,SA1,0,3.585,0,11.994,2026/08/24 09:21:59
2026-08-23T23:40:54.662Z,2026/08/24 09:30:00,2026/08/30 08:00:00,SA1,95.797,103.408,61.506,111.794,2026/08/24 09:21:59
2026-08-23T23:40:54.662Z,2026/08/24 09:30:00,2026/08/30 08:30:00,SA1,266.705,287.377,171.294,313.215,2026/08/24 09:21:59
2026-08-23T23:40:54.662Z,2026/08/24 09:30:00,2026/08/30 09:00:00,SA1,465.41,495.59,295.189,554.167,2026/08/24 09:21:59
2026-08-23T23:40:54.662Z,2026/08/24 09:30:00,2026/08/30 09:30:00,SA1,670.348,715.463,417.176,806.604,2026/08/24 09:21:59
2026-08-23T23:40:54.662Z,2026/08/24 09:30:00,2026/08/30 10:00:00,SA1,860.897,921.377,540.689,1029.417,2026/08/24 09:21:59
2026-08-23T23:40:54.662Z,2026/08/24 09:30:00,2026/08/30 10:30:00,SA1,1020.806,1091.836,646.176,1217.276,2026/08/24 09:21:59
2026-08-23T23:40:54.662Z,2026/08/24 09:30:00,2026/08/30 11:00:00,SA1,1154.078,1235.811,735.363,1376.288,2026/08/24 09:21:59
2026-08-23T23:40:54.662Z,2026/08/24 09:30:00,2026/08/30 11:30:00,SA1,1257.798,1351.314,801.755,1494.451,2026/08/24 09:21:59
2026-08-23T23:40:54.662Z,2026/08/24 09:30:00,2026/08/30 12:00:00,SA1,1331.069,1428.374,849.521,1572.76,2026/08/24 09:21:59
2026-08-23T23:40:54.662Z,2026/08/24 09:30:00,2026/08/30 12:30:00,SA1,1371.017,1471.788,874.602,1620.928,2026/08/24 09:21:59
2026-08-23T23:40:54.662Z,2026/08/24 09:30:00,2026/08/30 13:00:00,SA1,1380.404,1476.201,878.738,1627.308,2026/08/24 09:21:59
2026-08-23T23:40:54.662Z,2026/08/24 09:30:00,2026/08/30 13:30:00,SA1,1369.988,1461.781,869.508,1617.685,2026/08/24 09:21:59
2026-08-23T23:40:54.662Z,2026/08/24 09:30:00,2026/08/30 14:00:00,SA1,1338.603,1427.74,852.602,1576.091,2026/08/24 09:21:59
2026-08-23T23:40:54.662Z,2026/08/24 09:30:00,2026/08/30 14:30:00,SA1,1279.962,1362.704,814.097,1507.031,2026/08/24 09:21:59
2026-08-23T23:40:54.662Z,2026/08/24 09:30:00,2026/08/30 15:00:00,SA1,1189.298,1271.56,763.117,1402.777,2026/08/24 09:21:59
2026-08-23T23:40:54.662Z,2026/08/24 09:30:00,2026/08/30 15:30:00,SA1,1069.034,1140.308,686.607,1265.947,2026/08/24 09:21:59
2026-08-23T23:40:54.662Z,2026/08/24 09:30:00,2026/08/30 16:00:00,SA1,913.334,967.3,585.867,1089.522,2026/08/24 09:21:59
2026-08-23T23:40:54.662Z,2026/08/24 09:30:00,2026/08/30 16:30:00,SA1,725.604,767.415,467.631,866.197,2026/08/24 09:21:59
2026-08-23T23:40:54.662Z,2026/08/24 09:30:00,2026/08/30 17:00:00,SA1,516.054,547.624,339.795,612.615,2026/08/24 09:21:59
2026-08-23T23:40:54.662Z,2026/08/24 09:30:00,2026/08/30 17:30:00,SA1,310.181,331.519,211.41,364.495,2026/08/24 09:21:59
2026-08-23T23:40:54.662Z,2026/08/24 09:30:00,2026/08/30 18:00:00,SA1,124.136,133.25,88.147,145.088,2026/08/24 09:21:59
2026-08-23T23:40:54.662Z,2026/08/24 09:30:00,2026/08/30 18:30:00,SA1,0,2.345,0,2.458,2026/08/24 09:21:59
2026-08-23T23:40:54.662Z,2026/08/24 09:30:00,2026/08/30 19:00:00,SA1,0,0.032,0,0.11,2026/08/24 09:21:59
2026-08-23T23:40:54.662Z,2026/08/24 09:30:00,2026/08/30 19:30:00,SA1,0,0,0,0,2026/08/24 09:21:59
2026-08-23T23:40:54.662Z,2026/08/24 09:30:00,2026/08/30 20:00:00,SA1,0,0,0,0,2026/08/24 09:21:59
2026-08-23T23:40:54.662Z,2026/08/24 09:30:00,2026/08/30 20:30:00,SA1,0,0,0,0,2026/08/24 09:21:59
2026-08-23T23:40:54.662Z,2026/08/24 09:30:00,2026/08/30 21:00:00,SA1,0,0,0,0,2026/08/24 09:21:59
2026-08-23T23:40:54.662Z,2026/08/24 09:30:00,2026/08/30 21:30:00,SA1,0,0,0,0,2026/08/24 09:21:59
2026-08-23T23:40:54.662Z,2026/08/24 09:30:00,2026/08/30 22:00:00,SA1,0,0,0,0,2026/08/24 09:21:59
2026-08-23T23:40:54.662Z,2026/08/24 09:30:00,2026/08/30 22:30:00,SA1,0,0,0,0,2026/08/24 09:21:59
2026-08-23T23:40:54.662Z,2026/08/24 09:30:00,2026/08/30 23:00:00,SA1,0,0,0,0,2026/08/24 09:21:59
2026-08-23T23:40:54.662Z,2026/08/24 09:30:00,2026/08/30 23:30:00,SA1,0,0,0,0,2026/08/24 09:21:59
2026-08-23T23:40:54.662Z,2026/08/24 09:30:00,2026/08/31 00:00:00,SA1,0,0,0,0,2026/08/24 09:21:59
2026-08-23T23:40:54.662Z,2026/08/24 09:30:00,2026/08/31 00:30:00,SA1,0,0,0,0,2026/08/24 09:21:59
2026-08-23T23:40:54.662Z,2026/08/24 09:30:00,2026/08/31 01:00:00,SA1,0,0,0,0,2026/08/24 09:21:59
2026-08-23T23:40:54.662Z,2026/08/24 09:30:00,2026/08/31 01:30:00,SA1,0,0,0,0,2026/08/24 09:21:59
2026-08-23T23:40:54.662Z,2026/08/24 09:30:00,2026/08/31 02:00:00,SA1,0,0,0,0,2026/08/24 09:21:59
2026-08-23T23:40:54.662Z,2026/08/24 09:30:00,2026/08/31 02:30:00,SA1,0,0,0,0,2026/08/24 09:21:59
2026-08-23T23:40:54.662Z,2026/08/24 09:30:00,2026/08/31 03:00:00,SA1,0,0,0,0,2026/08/24 09:21:59
2026-08-23T23:40:54.662Z,2026/08/24 09:30:00,2026/08/31 03:30:00,SA1,0,0,0,0,2026/08/24 09:21:59
2026-08-23T23:40:54.662Z,2026/08/24 09:30:00,2026/08/31 04:00:00,SA1,0,0,0,0,2026/08/24 09:21:59
2026-08-23T23:40:54.662Z,2026/08/24 09:30:00,2026/08/31 04:30:00,SA1,0,0,0,0,2026/08/24 09:21:59
2026-08-23T23:40:54.662Z,2026/08/24 09:30:00,2026/08/31 05:00:00,SA1,0,0,0,0,2026/08/24 09:21:59
2026-08-23T23:40:54.662Z,2026/08/24 09:30:00,2026/08/31 05:30:00,SA1,0,0,0,0,2026/08/24 09:21:59
2026-08-23T23:40:54.662Z,2026/08/24 09:30:00,2026/08/31 06:00:00,SA1,0,0,0,0,2026/08/24 09:21:59
2026-08-23T23:40:54.662Z,2026/08/24 09:30:00,2026/08/31 06:30:00,SA1,0,0,0,0,2026/08/24 09:21:59
2026-08-23T23:40:54.662Z,2026/08/24 09:30:00,2026/08/31 07:00:00,SA1,0,0,0,0,2026/08/24 09:21:59
2026-08-23T23:40:54.662Z,2026/08/24 09:30:00,2026/08/31 07:30:00,SA1,0,0,0,19.03,2026/08/24 09:21:59
2026-08-23T23:40:54.662Z,2026/08/24 09:30:00,2026/08/31 08:00:00,SA1,86.261,86.541,42.675,105.364,2026/08/24 09:21:59
2026-08-23T23:40:54.662Z,2026/08/24 09:30:00,2026/08/31 08:30:00,SA1,251.252,254.845,129.068,304.769,2026/08/24 09:21:59
2026-08-23T23:40:54.662Z,2026/08/24 09:30:00,2026/08/31 09:00:00,SA1,439.767,450.635,227.986,543.849,2026/08/24 09:21:59
2026-08-23T23:40:54.662Z,2026/08/24 09:30:00,2026/08/31 09:30:00,SA1,627.765,650.488,328.997,786.769,2026/08/24 09:21:59
2026-08-23T23:40:54.662Z,2026/08/24 09:30:00,2026/08/31 10:00:00,SA1,869.079,856.696,454.132,1022.764,2026/08/24 09:21:59
2026-08-23T23:40:54.662Z,2026/08/24 09:30:00,2026/08/31 10:30:00,SA1,1033.396,1020.543,547.76,1213.602,2026/08/24 09:21:59
2026-08-23T23:40:54.662Z,2026/08/24 09:30:00,2026/08/31 11:00:00,SA1,1175.969,1165.357,638.474,1379.898,2026/08/24 09:21:59
2026-08-23T23:40:54.662Z,2026/08/24 09:30:00,2026/08/31 11:30:00,SA1,1289.51,1289.507,702.955,1516.41,2026/08/24 09:21:59
2026-08-23T23:40:54.662Z,2026/08/24 09:30:00,2026/08/31 12:00:00,SA1,1371.634,1378.071,741.956,1604.653,2026/08/24 09:21:59
2026-08-23T23:40:54.662Z,2026/08/24 09:30:00,2026/08/31 12:30:00,SA1,1425.917,1442.648,792.885,1694.58,2026/08/24 09:21:59
2026-08-23T23:40:54.662Z,2026/08/24 09:30:00,2026/08/31 13:00:00,SA1,1446.388,1468.659,819.555,1721.245,2026/08/24 09:21:59
2026-08-23T23:40:54.662Z,2026/08/24 09:30:00,2026/08/31 13:30:00,SA1,1439.477,1461.346,815.792,1712.624,2026/08/24 09:21:59
2026-08-23T23:40:54.662Z,2026/08/24 09:30:00,2026/08/31 14:00:00,SA1,1400.796,1427.127,796.272,1668.666,2026/08/24 09:21:59
2026-08-23T23:40:54.662Z,2026/08/24 09:30:00,2026/08/31 14:30:00,SA1,1340.82,1367.186,764.961,1597.556,2026/08/24 09:21:59
2026-08-23T23:40:54.662Z,2026/08/24 09:30:00,2026/08/31 15:00:00,SA1,1247.182,1274.152,744.871,1489.358,2026/08/24 09:21:59
2026-08-23T23:40:54.662Z,2026/08/24 09:30:00,2026/08/31 15:30:00,SA1,1117.061,1140.67,666.237,1339.427,2026/08/24 09:21:59
2026-08-23T23:40:54.662Z,2026/08/24 09:30:00,2026/08/31 16:00:00,SA1,958.027,980.351,572.696,1149.794,2026/08/24 09:21:59
2026-08-23T23:40:54.662Z,2026/08/24 09:30:00,2026/08/31 16:30:00,SA1,759.718,783.101,451.439,911.948,2026/08/24 09:21:59
2026-08-23T23:40:54.662Z,2026/08/24 09:30:00,2026/08/31 17:00:00,SA1,532.267,555.827,321.507,638.824,2026/08/24 09:21:59
2026-08-23T23:40:54.662Z,2026/08/24 09:30:00,2026/08/31 17:30:00,SA1,313.772,330.233,195.656,375.134,2026/08/24 09:21:59
2026-08-23T23:40:54.662Z,2026/08/24 09:30:00,2026/08/31 18:00:00,SA1,120.405,127.181,74.612,143.85,2026/08/24 09:21:59
2026-08-23T23:40:54.662Z,2026/08/24 09:30:00,2026/08/31 18:30:00,SA1,0,23.544,5.373,23.544,2026/08/24 09:21:59
2026-08-23T23:40:54.662Z,2026/08/24 09:30:00,2026/08/31 19:00:00,SA1,0,0.34,0.074,0.34,2026/08/24 09:21:59
2026-08-23T23:40:54.662Z,2026/08/24 09:30:00,2026/08/31 19:30:00,SA1,0,0,0,0,2026/08/24 09:21:59
2026-08-23T23:40:54.662Z,2026/08/24 09:30:00,2026/08/31 20:00:00,SA1,0,0,0,0,2026/08/24 09:21:59
2026-08-23T23:40:54.662Z,2026/08/24 09:30:00,2026/08/31 20:30:00,SA1,0,0,0,0,2026/08/24 09:21:59
2026-08-23T23:40:54.662Z,2026/08/24 09:30:00,2026/08/31 21:00:00,SA1,0,0,0,0,2026/08/24 09:21:59
2026-08-23T23:40:54.662Z,2026/08/24 09:30:00,2026/08/31 21:30:00,SA1,0,0,0,0,2026/08/24 09:21:59
2026-08-23T23:40:54.662Z,2026/08/24 09:30:00,2026/08/31 22:00:00,SA1,0,0,0,0,2026/08/24 09:21:59
2026-08-23T23:40:54.662Z,2026/08/24 09:30:00,2026/08/31 22:30:00,SA1,0,0,0,0,2026/08/24 09:21:59
2026-08-23T23:40:54.662Z,2026/08/24 09:30:00,2026/08/31 23:00:00,SA1,0,0,0,0,2026/08/24 09:21:59
2026-08-23T23:40:54.662Z,2026/08/24 09:30:00,2026/08/31 23:30:00,SA1,0,0,0,0,2026/08/24 09:21:59
2026-08-23T23:40:54.662Z,2026/08/24 09:30:00,2026/09/01 00:00:00,SA1,0,0,0,0,2026/08/24 09:21:59
2026-08-23T23:40:54.662Z,2026/08/24 09:30:00,2026/09/01 00:30:00,SA1,0,0,0,0,2026/08/24 09:21:59
2026-08-23T23:40:54.662Z,2026/08/24 09:30:00,2026/09/01 01:00:00,SA1,0,0,0,0,2026/08/24 09:21:59
2026-08-23T23:40:54.662Z,2026/08/24 09:30:00,2026/09/01 01:30:00,SA1,0,0,0,0,2026/08/24 09:21:59
2026-08-23T23:40:54.662Z,2026/08/24 09:30:00,2026/09/01 02:00:00,SA1,0,0,0,0,2026/08/24 09:21:59
2026-08-23T23:40:54.662Z,2026/08/24 09:30:00,2026/09/01 02:30:00,SA1,0,0,0,0,2026/08/24 09:21:59
2026-08-23T23:40:54.662Z,2026/08/24 09:30:00,2026/09/01 03:00:00,SA1,0,0,0,0,2026/08/24 09:21:59
2026-08-23T23:40:54.662Z,2026/08/24 09:30:00,2026/09/01 03:30:00,SA1,0,0,0,0,2026/08/24 09:21:59
2026-08-23T23:40:54.662Z,2026/08/24 09:30:00,2026/09/01 04:00:00,SA1,0,0,0,0,2026/08/24 09:21:59
2026-08-23T23:40:54.662Z,2026/08/24 09:30:00,2026/08/24 10:00:00,TAS1,91.31,90.824,75.125,106.313,2026/08/24 09:22:04
2026-08-23T23:40:54.662Z,2026/08/24 09:30:00,2026/08/24 10:30:00,TAS1,111.392,110.436,87.755,131.273,2026/08/24 09:22:04
2026-08-23T23:40:54.662Z,2026/08/24 09:30:00,2026/08/24 11:00:00,TAS1,126.595,126.402,102.716,151.591,2026/08/24 09:22:04
2026-08-23T23:40:54.662Z,2026/08/24 09:30:00,2026/08/24 11:30:00,TAS1,136.272,137.63,109.555,164.735,2026/08/24 09:22:04
2026-08-23T23:40:54.662Z,2026/08/24 09:30:00,2026/08/24 12:00:00,TAS1,140.927,143.1,112.404,171.843,2026/08/24 09:22:04
2026-08-23T23:40:54.662Z,2026/08/24 09:30:00,2026/08/24 12:30:00,TAS1,138.958,142.158,107.398,175.379,2026/08/24 09:22:04
2026-08-23T23:40:54.662Z,2026/08/24 09:30:00,2026/08/24 13:00:00,TAS1,139.833,143.996,109.615,175.587,2026/08/24 09:22:04
2026-08-23T23:40:54.662Z,2026/08/24 09:30:00,2026/08/24 13:30:00,TAS1,135.669,140.225,106.362,170.97,2026/08/24 09:22:04
2026-08-23T23:40:54.662Z,2026/08/24 09:30:00,2026/08/24 14:00:00,TAS1,127.793,132.225,100.682,161.593,2026/08/24 09:22:04
2026-08-23T23:40:54.662Z,2026/08/24 09:30:00,2026/08/24 14:30:00,TAS1,115.97,119.853,90.181,147.186,2026/08/24 09:22:04
2026-08-23T23:40:54.662Z,2026/08/24 09:30:00,2026/08/24 15:00:00,TAS1,102.221,106.724,80.356,130.735,2026/08/24 09:22:04
2026-08-23T23:40:54.662Z,2026/08/24 09:30:00,2026/08/24 15:30:00,TAS1,83.218,86.954,65.527,106.035,2026/08/24 09:22:04
2026-08-23T23:40:54.662Z,2026/08/24 09:30:00,2026/08/24 16:00:00,TAS1,61.946,64.641,48.628,78.833,2026/08/24 09:22:04
2026-08-23T23:40:54.662Z,2026/08/24 09:30:00,2026/08/24 16:30:00,TAS1,39.414,41.17,31.16,50.123,2026/08/24 09:22:04
2026-08-23T23:40:54.662Z,2026/08/24 09:30:00,2026/08/24 17:00:00,TAS1,17.645,18.086,13.246,22.846,2026/08/24 09:22:04
2026-08-23T23:40:54.662Z,2026/08/24 09:30:00,2026/08/24 17:30:00,TAS1,3.129,3.117,2.106,4.18,2026/08/24 09:22:04
2026-08-23T23:40:54.662Z,2026/08/24 09:30:00,2026/08/24 18:00:00,TAS1,0,0.034,0.02,0.056,2026/08/24 09:22:04
2026-08-23T23:40:54.662Z,2026/08/24 09:30:00,2026/08/24 18:30:00,TAS1,0,0,0,0,2026/08/24 09:22:04
2026-08-23T23:40:54.662Z,2026/08/24 09:30:00,2026/08/24 19:00:00,TAS1,0,0,0,0,2026/08/24 09:22:04
2026-08-23T23:40:54.662Z,2026/08/24 09:30:00,2026/08/24 19:30:00,TAS1,0,0,0,0,2026/08/24 09:22:04
2026-08-23T23:40:54.662Z,2026/08/24 09:30:00,2026/08/24 20:00:00,TAS1,0,0,0,0,2026/08/24 09:22:04
2026-08-23T23:40:54.662Z,2026/08/24 09:30:00,2026/08/24 20:30:00,TAS1,0,0,0,0,2026/08/24 09:22:04
2026-08-23T23:40:54.662Z,2026/08/24 09:30:00,2026/08/24 21:00:00,TAS1,0,0,0,0,2026/08/24 09:22:04
2026-08-23T23:40:54.662Z,2026/08/24 09:30:00,2026/08/24 21:30:00,TAS1,0,0,0,0,2026/08/24 09:22:04
2026-08-23T23:40:54.662Z,2026/08/24 09:30:00,2026/08/24 22:00:00,TAS1,0,0,0,0,2026/08/24 09:22:04
2026-08-23T23:40:54.662Z,2026/08/24 09:30:00,2026/08/24 22:30:00,TAS1,0,0,0,0,2026/08/24 09:22:04
2026-08-23T23:40:54.662Z,2026/08/24 09:30:00,2026/08/24 23:00:00,TAS1,0,0,0,0,2026/08/24 09:22:04
2026-08-23T23:40:54.662Z,2026/08/24 09:30:00,2026/08/24 23:30:00,TAS1,0,0,0,0,2026/08/24 09:22:04
2026-08-23T23:40:54.662Z,2026/08/24 09:30:00,2026/08/25 00:00:00,TAS1,0,0,0,0,2026/08/24 09:22:04
2026-08-23T23:40:54.662Z,2026/08/24 09:30:00,2026/08/25 00:30:00,TAS1,0,0,0,0,2026/08/24 09:22:04
2026-08-23T23:40:54.662Z,2026/08/24 09:30:00,2026/08/25 01:00:00,TAS1,0,0,0,0,2026/08/24 09:22:04
2026-08-23T23:40:54.662Z,2026/08/24 09:30:00,2026/08/25 01:30:00,TAS1,0,0,0,0,2026/08/24 09:22:04
2026-08-23T23:40:54.662Z,2026/08/24 09:30:00,2026/08/25 02:00:00,TAS1,0,0,0,0,2026/08/24 09:22:04
2026-08-23T23:40:54.662Z,2026/08/24 09:30:00,2026/08/25 02:30:00,TAS1,0,0,0,0,2026/08/24 09:22:04
2026-08-23T23:40:54.662Z,2026/08/24 09:30:00,2026/08/25 03:00:00,TAS1,0,0,0,0,2026/08/24 09:22:04
2026-08-23T23:40:54.662Z,2026/08/24 09:30:00,2026/08/25 03:30:00,TAS1,0,0,0,0,2026/08/24 09:22:04
2026-08-23T23:40:54.662Z,2026/08/24 09:30:00,2026/08/25 04:00:00,TAS1,0,0,0,0,2026/08/24 09:22:04
2026-08-23T23:40:54.662Z,2026/08/24 09:30:00,2026/08/25 04:30:00,TAS1,0,0,0,0,2026/08/24 09:22:04
2026-08-23T23:40:54.662Z,2026/08/24 09:30:00,2026/08/25 05:00:00,TAS1,0,0,0,0,2026/08/24 09:22:04
2026-08-23T23:40:54.662Z,2026/08/24 09:30:00,2026/08/25 05:30:00,TAS1,0,0,0,0,2026/08/24 09:22:04
2026-08-23T23:40:54.662Z,2026/08/24 09:30:00,2026/08/25 06:00:00,TAS1,0,0,0,0,2026/08/24 09:22:04
2026-08-23T23:40:54.662Z,2026/08/24 09:30:00,2026/08/25 06:30:00,TAS1,0,0,0,0,2026/08/24 09:22:04
2026-08-23T23:40:54.662Z,2026/08/24 09:30:00,2026/08/25 07:00:00,TAS1,0,0.057,0.017,0.082,2026/08/24 09:22:04
2026-08-23T23:40:54.662Z,2026/08/24 09:30:00,2026/08/25 07:30:00,TAS1,2.74,2.472,1.536,3.647,2026/08/24 09:22:04
2026-08-23T23:40:54.662Z,2026/08/24 09:30:00,2026/08/25 08:00:00,TAS1,13.585,12.382,7.919,17.951,2026/08/24 09:22:04
2026-08-23T23:40:54.662Z,2026/08/24 09:30:00,2026/08/25 08:30:00,TAS1,27.936,25.773,16.69,36.831,2026/08/24 09:22:04
2026-08-23T23:40:54.662Z,2026/08/24 09:30:00,2026/08/25 09:00:00,TAS1,42.694,39.471,25.5,56.139,2026/08/24 09:22:04
2026-08-23T23:40:54.662Z,2026/08/24 09:30:00,2026/08/25 09:30:00,TAS1,58.78,55.062,36.073,77.547,2026/08/24 09:22:04
2026-08-23T23:40:54.662Z,2026/08/24 09:30:00,2026/08/25 10:00:00,TAS1,75.116,71.025,47.935,98.41,2026/08/24 09:22:04
2026-08-23T23:40:54.662Z,2026/08/24 09:30:00,2026/08/25 10:30:00,TAS1,91.596,88.011,60.866,119.039,2026/08/24 09:22:04
2026-08-23T23:40:54.662Z,2026/08/24 09:30:00,2026/08/25 11:00:00,TAS1,105.905,103.365,72.867,136.758,2026/08/24 09:22:04
2026-08-23T23:40:54.662Z,2026/08/24 09:30:00,2026/08/25 11:30:00,TAS1,117.056,115.199,82.442,149.771,2026/08/24 09:22:04
2026-08-23T23:40:54.662Z,2026/08/24 09:30:00,2026/08/25 12:00:00,TAS1,122.705,121.452,87.682,156.538,2026/08/24 09:22:04
2026-08-23T23:40:54.662Z,2026/08/24 09:30:00,2026/08/25 12:30:00,TAS1,126.158,126.491,91.226,160.512,2026/08/24 09:22:04
2026-08-23T23:40:54.662Z,2026/08/24 09:30:00,2026/08/25 13:00:00,TAS1,126.64,127.084,92.518,160.731,2026/08/24 09:22:04
2026-08-23T23:40:54.662Z,2026/08/24 09:30:00,2026/08/25 13:30:00,TAS1,123.586,125.21,91.749,156.839,2026/08/24 09:22:04
2026-08-23T23:40:54.662Z,2026/08/24 09:30:00,2026/08/25 14:00:00,TAS1,117.293,119.161,88.174,149.408,2026/08/24 09:22:04
2026-08-23T23:40:54.662Z,2026/08/24 09:30:00,2026/08/25 14:30:00,TAS1,107.22,109.027,80.574,137.478,2026/08/24 09:22:04
2026-08-23T23:40:54.662Z,2026/08/24 09:30:00,2026/08/25 15:00:00,TAS1,93.979,95.456,70.468,120.703,2026/08/24 09:22:04
2026-08-23T23:40:54.662Z,2026/08/24 09:30:00,2026/08/25 15:30:00,TAS1,77.392,78.906,57.969,99.35,2026/08/24 09:22:04
2026-08-23T23:40:54.662Z,2026/08/24 09:30:00,2026/08/25 16:00:00,TAS1,58.297,59.237,43.804,74.595,2026/08/24 09:22:04
2026-08-23T23:40:54.662Z,2026/08/24 09:30:00,2026/08/25 16:30:00,TAS1,37.147,37.692,27.917,47.743,2026/08/24 09:22:04
2026-08-23T23:40:54.662Z,2026/08/24 09:30:00,2026/08/25 17:00:00,TAS1,16.968,16.888,11.88,22.277,2026/08/24 09:22:04
2026-08-23T23:40:54.662Z,2026/08/24 09:30:00,2026/08/25 17:30:00,TAS1,3.181,3.058,2.027,4.289,2026/08/24 09:22:04
2026-08-23T23:40:54.662Z,2026/08/24 09:30:00,2026/08/25 18:00:00,TAS1,0,0,0,0.019,2026/08/24 09:22:04
2026-08-23T23:40:54.662Z,2026/08/24 09:30:00,2026/08/25 18:30:00,TAS1,0,0,0,0,2026/08/24 09:22:04
2026-08-23T23:40:54.662Z,2026/08/24 09:30:00,2026/08/25 19:00:00,TAS1,0,0,0,0,2026/08/24 09:22:04
2026-08-23T23:40:54.662Z,2026/08/24 09:30:00,2026/08/25 19:30:00,TAS1,0,0,0,0,2026/08/24 09:22:04
2026-08-23T23:40:54.662Z,2026/08/24 09:30:00,2026/08/25 20:00:00,TAS1,0,0,0,0,2026/08/24 09:22:04
2026-08-23T23:40:54.662Z,2026/08/24 09:30:00,2026/08/25 20:30:00,TAS1,0,0,0,0,2026/08/24 09:22:04
2026-08-23T23:40:54.662Z,2026/08/24 09:30:00,2026/08/25 21:00:00,TAS1,0,0,0,0,2026/08/24 09:22:04
2026-08-23T23:40:54.662Z,2026/08/24 09:30:00,2026/08/25 21:30:00,TAS1,0,0,0,0,2026/08/24 09:22:04
2026-08-23T23:40:54.662Z,2026/08/24 09:30:00,2026/08/25 22:00:00,TAS1,0,0,0,0,2026/08/24 09:22:04
2026-08-23T23:40:54.662Z,2026/08/24 09:30:00,2026/08/25 22:30:00,TAS1,0,0,0,0,2026/08/24 09:22:04
2026-08-23T23:40:54.662Z,2026/08/24 09:30:00,2026/08/25 23:00:00,TAS1,0,0,0,0,2026/08/24 09:22:04
2026-08-23T23:40:54.662Z,2026/08/24 09:30:00,2026/08/25 23:30:00,TAS1,0,0,0,0,2026/08/24 09:22:04
2026-08-23T23:40:54.662Z,2026/08/24 09:30:00,2026/08/26 00:00:00,TAS1,0,0,0,0,2026/08/24 09:22:04
2026-08-23T23:40:54.662Z,2026/08/24 09:30:00,2026/08/26 00:30:00,TAS1,0,0,0,0,2026/08/24 09:22:04
2026-08-23T23:40:54.662Z,2026/08/24 09:30:00,2026/08/26 01:00:00,TAS1,0,0,0,0,2026/08/24 09:22:04
2026-08-23T23:40:54.662Z,2026/08/24 09:30:00,2026/08/26 01:30:00,TAS1,0,0,0,0,2026/08/24 09:22:04
2026-08-23T23:40:54.662Z,2026/08/24 09:30:00,2026/08/26 02:00:00,TAS1,0,0,0,0,2026/08/24 09:22:04
2026-08-23T23:40:54.662Z,2026/08/24 09:30:00,2026/08/26 02:30:00,TAS1,0,0,0,0,2026/08/24 09:22:04
2026-08-23T23:40:54.662Z,2026/08/24 09:30:00,2026/08/26 03:00:00,TAS1,0,0,0,0,2026/08/24 09:22:04
2026-08-23T23:40:54.662Z,2026/08/24 09:30:00,2026/08/26 03:30:00,TAS1,0,0,0,0,2026/08/24 09:22:04
2026-08-23T23:40:54.662Z,2026/08/24 09:30:00,2026/08/26 04:00:00,TAS1,0,0,0,0,2026/08/24 09:21:59
2026-08-23T23:40:54.662Z,2026/08/24 09:30:00,2026/08/26 04:30:00,TAS1,0,0,0,0,2026/08/24 09:21:59
2026-08-23T23:40:54.662Z,2026/08/24 09:30:00,2026/08/26 05:00:00,TAS1,0,0,0,0,2026/08/24 09:21:59
2026-08-23T23:40:54.662Z,2026/08/24 09:30:00,2026/08/26 05:30:00,TAS1,0,0,0,0,2026/08/24 09:21:59
2026-08-23T23:40:54.662Z,2026/08/24 09:30:00,2026/08/26 06:00:00,TAS1,0,0,0,0,2026/08/24 09:21:59
2026-08-23T23:40:54.662Z,2026/08/24 09:30:00,2026/08/26 06:30:00,TAS1,0,0,0,0,2026/08/24 09:21:59
2026-08-23T23:40:54.662Z,2026/08/24 09:30:00,2026/08/26 07:00:00,TAS1,0,0,0,0.061,2026/08/24 09:21:59
2026-08-23T23:40:54.662Z,2026/08/24 09:30:00,2026/08/26 07:30:00,TAS1,6.389,6.654,5.426,7.59,2026/08/24 09:21:59
2026-08-23T23:40:54.662Z,2026/08/24 09:30:00,2026/08/26 08:00:00,TAS1,29.701,30.462,24.923,34.172,2026/08/24 09:21:59
2026-08-23T23:40:54.662Z,2026/08/24 09:30:00,2026/08/26 08:30:00,TAS1,59.105,59.991,48.956,67.381,2026/08/24 09:21:59
2026-08-23T23:40:54.662Z,2026/08/24 09:30:00,2026/08/26 09:00:00,TAS1,87.922,89.647,73.206,100.731,2026/08/24 09:21:59
2026-08-23T23:40:54.662Z,2026/08/24 09:30:00,2026/08/26 09:30:00,TAS1,115.02,116.899,94.69,131.282,2026/08/24 09:21:59
2026-08-23T23:40:54.662Z,2026/08/24 09:30:00,2026/08/26 10:00:00,TAS1,138.317,140.449,114.218,157.785,2026/08/24 09:21:59
2026-08-23T23:40:54.662Z,2026/08/24 09:30:00,2026/08/26 10:30:00,TAS1,158.051,159.786,129.413,179.713,2026/08/24 09:21:59
2026-08-23T23:40:54.662Z,2026/08/24 09:30:00,2026/08/26 11:00:00,TAS1,173.266,174.623,142.709,196.61,2026/08/24 09:21:59
2026-08-23T23:40:54.662Z,2026/08/24 09:30:00,2026/08/26 11:30:00,TAS1,183.592,184.756,150.973,207.737,2026/08/24 09:21:59
2026-08-23T23:40:54.662Z,2026/08/24 09:30:00,2026/08/26 12:00:00,TAS1,188.561,189.791,154.893,213.631,2026/08/24 09:21:59
2026-08-23T23:40:54.662Z,2026/08/24 09:30:00,2026/08/26 12:30:00,TAS1,191.202,192.04,152.848,215.638,2026/08/24 09:21:59
2026-08-23T23:40:54.662Z,2026/08/24 09:30:00,2026/08/26 13:00:00,TAS1,189.718,191.177,151.135,214.582,2026/08/24 09:21:59
2026-08-23T23:40:54.662Z,2026/08/24 09:30:00,2026/08/26 13:30:00,TAS1,183.509,185.576,146.998,208.039,2026/08/24 09:21:59
2026-08-23T23:40:54.662Z,2026/08/24 09:30:00,2026/08/26 14:00:00,TAS1,173.287,175.561,137.859,196.961,2026/08/24 09:21:59
2026-08-23T23:40:54.662Z,2026/08/24 09:30:00,2026/08/26 14:30:00,TAS1,158.593,160.982,125.323,181.05,2026/08/24 09:21:59
2026-08-23T23:40:54.662Z,2026/08/24 09:30:00,2026/08/26 15:00:00,TAS1,139.997,141.53,110.069,159.602,2026/08/24 09:21:59
2026-08-23T23:40:54.662Z,2026/08/24 09:30:00,2026/08/26 15:30:00,TAS1,117.392,117.702,91.84,133.425,2026/08/24 09:21:59
2026-08-23T23:40:54.662Z,2026/08/24 09:30:00,2026/08/26 16:00:00,TAS1,90.497,90.331,70.516,103.504,2026/08/24 09:21:59
2026-08-23T23:40:54.662Z,2026/08/24 09:30:00,2026/08/26 16:30:00,TAS1,59.866,59.582,46.2,68.069,2026/08/24 09:21:59
2026-08-23T23:40:54.662Z,2026/08/24 09:30:00,2026/08/26 17:00:00,TAS1,28.88,29.304,22.562,33.325,2026/08/24 09:21:59
2026-08-23T23:40:54.662Z,2026/08/24 09:30:00,2026/08/26 17:30:00,TAS1,6.038,6.338,4.974,7.133,2026/08/24 09:21:59
2026-08-23T23:40:54.662Z,2026/08/24 09:30:00,2026/08/26 18:00:00,TAS1,0,0,0,0.08,2026/08/24 09:21:59
2026-08-23T23:40:54.662Z,2026/08/24 09:30:00,2026/08/26 18:30:00,TAS1,0,0,0,0,2026/08/24 09:21:59
2026-08-23T23:40:54.662Z,2026/08/24 09:30:00,2026/08/26 19:00:00,TAS1,0,0,0,0,2026/08/24 09:21:59
2026-08-23T23:40:54.662Z,2026/08/24 09:30:00,2026/08/26 19:30:00,TAS1,0,0,0,0,2026/08/24 09:21:59
2026-08-23T23:40:54.662Z,2026/08/24 09:30:00,2026/08/26 20:00:00,TAS1,0,0,0,0,2026/08/24 09:21:59
2026-08-23T23:40:54.662Z,2026/08/24 09:30:00,2026/08/26 20:30:00,TAS1,0,0,0,0,2026/08/24 09:21:59
2026-08-23T23:40:54.662Z,2026/08/24 09:30:00,2026/08/26 21:00:00,TAS1,0,0,0,0,2026/08/24 09:21:59
2026-08-23T23:40:54.662Z,2026/08/24 09:30:00,2026/08/26 21:30:00,TAS1,0,0,0,0,2026/08/24 09:21:59
2026-08-23T23:40:54.662Z,2026/08/24 09:30:00,2026/08/26 22:00:00,TAS1,0,0,0,0,2026/08/24 09:21:59
2026-08-23T23:40:54.662Z,2026/08/24 09:30:00,2026/08/26 22:30:00,TAS1,0,0,0,0,2026/08/24 09:21:59
2026-08-23T23:40:54.662Z,2026/08/24 09:30:00,2026/08/26 23:00:00,TAS1,0,0,0,0,2026/08/24 09:21:59
2026-08-23T23:40:54.662Z,2026/08/24 09:30:00,2026/08/26 23:30:00,TAS1,0,0,0,0,2026/08/24 09:21:59
2026-08-23T23:40:54.662Z,2026/08/24 09:30:00,2026/08/27 00:00:00,TAS1,0,0,0,0,2026/08/24 09:21:59
2026-08-23T23:40:54.662Z,2026/08/24 09:30:00,2026/08/27 00:30:00,TAS1,0,0,0,0,2026/08/24 09:21:59
2026-08-23T23:40:54.662Z,2026/08/24 09:30:00,2026/08/27 01:00:00,TAS1,0,0,0,0,2026/08/24 09:21:59
2026-08-23T23:40:54.662Z,2026/08/24 09:30:00,2026/08/27 01:30:00,TAS1,0,0,0,0,2026/08/24 09:21:59
2026-08-23T23:40:54.662Z,2026/08/24 09:30:00,2026/08/27 02:00:00,TAS1,0,0,0,0,2026/08/24 09:21:59
2026-08-23T23:40:54.662Z,2026/08/24 09:30:00,2026/08/27 02:30:00,TAS1,0,0,0,0,2026/08/24 09:21:59
2026-08-23T23:40:54.662Z,2026/08/24 09:30:00,2026/08/27 03:00:00,TAS1,0,0,0,0,2026/08/24 09:21:59
2026-08-23T23:40:54.662Z,2026/08/24 09:30:00,2026/08/27 03:30:00,TAS1,0,0,0,0,2026/08/24 09:21:59
2026-08-23T23:40:54.662Z,2026/08/24 09:30:00,2026/08/27 04:00:00,TAS1,0,0,0,0,2026/08/24 09:21:59
2026-08-23T23:40:54.662Z,2026/08/24 09:30:00,2026/08/27 04:30:00,TAS1,0,0,0,0,2026/08/24 09:21:59
2026-08-23T23:40:54.662Z,2026/08/24 09:30:00,2026/08/27 05:00:00,TAS1,0,0,0,0,2026/08/24 09:21:59
2026-08-23T23:40:54.662Z,2026/08/24 09:30:00,2026/08/27 05:30:00,TAS1,0,0,0,0,2026/08/24 09:21:59
2026-08-23T23:40:54.662Z,2026/08/24 09:30:00,2026/08/27 06:00:00,TAS1,0,0,0,0,2026/08/24 09:21:59
2026-08-23T23:40:54.662Z,2026/08/24 09:30:00,2026/08/27 06:30:00,TAS1,0,0,0,0,2026/08/24 09:21:59
2026-08-23T23:40:54.662Z,2026/08/24 09:30:00,2026/08/27 07:00:00,TAS1,0,0,0,0.273,2026/08/24 09:21:59
2026-08-23T23:40:54.662Z,2026/08/24 09:30:00,2026/08/27 07:30:00,TAS1,7.52,8.158,6.521,9.2,2026/08/24 09:21:59
2026-08-23T23:40:54.662Z,2026/08/24 09:30:00,2026/08/27 08:00:00,TAS1,32.574,34.425,26.787,39.15,2026/08/24 09:21:59
2026-08-23T23:40:54.662Z,2026/08/24 09:30:00,2026/08/27 08:30:00,TAS1,63.849,66.285,50.335,75.871,2026/08/24 09:21:59
2026-08-23T23:40:54.662Z,2026/08/24 09:30:00,2026/08/27 09:00:00,TAS1,94.458,98.779,75.156,112.58,2026/08/24 09:21:59
2026-08-23T23:40:54.662Z,2026/08/24 09:30:00,2026/08/27 09:30:00,TAS1,123.278,128.09,96.059,146.352,2026/08/24 09:21:59
2026-08-23T23:40:54.662Z,2026/08/24 09:30:00,2026/08/27 10:00:00,TAS1,148.721,154.303,114.935,176.215,2026/08/24 09:21:59
2026-08-23T23:40:54.662Z,2026/08/24 09:30:00,2026/08/27 10:30:00,TAS1,167.264,174.132,129.909,198.496,2026/08/24 09:21:59
2026-08-23T23:40:54.662Z,2026/08/24 09:30:00,2026/08/27 11:00:00,TAS1,180.333,189.017,141.637,214.821,2026/08/24 09:21:59
2026-08-23T23:40:54.662Z,2026/08/24 09:30:00,2026/08/27 11:30:00,TAS1,187.937,198.638,149.023,225.251,2026/08/24 09:21:59
2026-08-23T23:40:54.662Z,2026/08/24 09:30:00,2026/08/27 12:00:00,TAS1,189.617,202.256,154.237,229.235,2026/08/24 09:21:59
2026-08-23T23:40:54.662Z,2026/08/24 09:30:00,2026/08/27 12:30:00,TAS1,188.373,202.227,155.802,229.364,2026/08/24 09:21:59
2026-08-23T23:40:54.662Z,2026/08/24 09:30:00,2026/08/27 13:00:00,TAS1,182.866,197.052,153.604,224.399,2026/08/24 09:21:59
2026-08-23T23:40:54.662Z,2026/08/24 09:30:00,2026/08/27 13:30:00,TAS1,172.931,187.298,147.726,212.451,2026/08/24 09:21:59
2026-08-23T23:40:54.662Z,2026/08/24 09:30:00,2026/08/27 14:00:00,TAS1,159.217,174.544,135.593,198.39,2026/08/24 09:21:59
2026-08-23T23:40:54.662Z,2026/08/24 09:30:00,2026/08/27 14:30:00,TAS1,141.505,155.862,120.667,177.138,2026/08/24 09:21:59
2026-08-23T23:40:54.662Z,2026/08/24 09:30:00,2026/08/27 15:00:00,TAS1,120.653,132.596,102.739,152.452,2026/08/24 09:21:59
2026-08-23T23:40:54.662Z,2026/08/24 09:30:00,2026/08/27 15:30:00,TAS1,97.447,107.458,82.93,124.159,2026/08/24 09:21:59
2026-08-23T23:40:54.662Z,2026/08/24 09:30:00,2026/08/27 16:00:00,TAS1,72.44,79.947,61.094,93.043,2026/08/24 09:21:59
2026-08-23T23:40:54.662Z,2026/08/24 09:30:00,2026/08/27 16:30:00,TAS1,47.472,52.171,40.531,60.892,2026/08/24 09:21:59
2026-08-23T23:40:54.662Z,2026/08/24 09:30:00,2026/08/27 17:00:00,TAS1,22.705,24.502,17.768,29.802,2026/08/24 09:21:59
2026-08-23T23:40:54.662Z,2026/08/24 09:30:00,2026/08/27 17:30:00,TAS1,4.352,4.261,2.305,6.023,2026/08/24 09:21:59
2026-08-23T23:40:54.662Z,2026/08/24 09:30:00,2026/08/27 18:00:00,TAS1,0,0,0,0.43,2026/08/24 09:21:59
2026-08-23T23:40:54.662Z,2026/08/24 09:30:00,2026/08/27 18:30:00,TAS1,0,0,0,0,2026/08/24 09:21:59
2026-08-23T23:40:54.662Z,2026/08/24 09:30:00,2026/08/27 19:00:00,TAS1,0,0,0,0,2026/08/24 09:21:59
2026-08-23T23:40:54.662Z,2026/08/24 09:30:00,2026/08/27 19:30:00,TAS1,0,0,0,0,2026/08/24 09:21:59
2026-08-23T23:40:54.662Z,2026/08/24 09:30:00,2026/08/27 20:00:00,TAS1,0,0,0,0,2026/08/24 09:21:59
2026-08-23T23:40:54.662Z,2026/08/24 09:30:00,2026/08/27 20:30:00,TAS1,0,0,0,0,2026/08/24 09:21:59
2026-08-23T23:40:54.662Z,2026/08/24 09:30:00,2026/08/27 21:00:00,TAS1,0,0,0,0,2026/08/24 09:21:59
2026-08-23T23:40:54.662Z,2026/08/24 09:30:00,2026/08/27 21:30:00,TAS1,0,0,0,0,2026/08/24 09:21:59
2026-08-23T23:40:54.662Z,2026/08/24 09:30:00,2026/08/27 22:00:00,TAS1,0,0,0,0,2026/08/24 09:21:59
2026-08-23T23:40:54.662Z,2026/08/24 09:30:00,2026/08/27 22:30:00,TAS1,0,0,0,0,2026/08/24 09:21:59
2026-08-23T23:40:54.662Z,2026/08/24 09:30:00,2026/08/27 23:00:00,TAS1,0,0,0,0,2026/08/24 09:21:59
2026-08-23T23:40:54.662Z,2026/08/24 09:30:00,2026/08/27 23:30:00,TAS1,0,0,0,0,2026/08/24 09:21:59
2026-08-23T23:40:54.662Z,2026/08/24 09:30:00,2026/08/28 00:00:00,TAS1,0,0,0,0,2026/08/24 09:21:59
2026-08-23T23:40:54.662Z,2026/08/24 09:30:00,2026/08/28 00:30:00,TAS1,0,0,0,0,2026/08/24 09:21:59
2026-08-23T23:40:54.662Z,2026/08/24 09:30:00,2026/08/28 01:00:00,TAS1,0,0,0,0,2026/08/24 09:21:59
2026-08-23T23:40:54.662Z,2026/08/24 09:30:00,2026/08/28 01:30:00,TAS1,0,0,0,0,2026/08/24 09:21:59
2026-08-23T23:40:54.662Z,2026/08/24 09:30:00,2026/08/28 02:00:00,TAS1,0,0,0,0,2026/08/24 09:21:59
2026-08-23T23:40:54.662Z,2026/08/24 09:30:00,2026/08/28 02:30:00,TAS1,0,0,0,0,2026/08/24 09:21:59
2026-08-23T23:40:54.662Z,2026/08/24 09:30:00,2026/08/28 03:00:00,TAS1,0,0,0,0,2026/08/24 09:21:59
2026-08-23T23:40:54.662Z,2026/08/24 09:30:00,2026/08/28 03:30:00,TAS1,0,0,0,0,2026/08/24 09:21:59
2026-08-23T23:40:54.662Z,2026/08/24 09:30:00,2026/08/28 04:00:00,TAS1,0,0,0,0,2026/08/24 09:21:59
2026-08-23T23:40:54.662Z,2026/08/24 09:30:00,2026/08/28 04:30:00,TAS1,0,0,0,0,2026/08/24 09:21:59
2026-08-23T23:40:54.662Z,2026/08/24 09:30:00,2026/08/28 05:00:00,TAS1,0,0,0,0,2026/08/24 09:21:59
2026-08-23T23:40:54.662Z,2026/08/24 09:30:00,2026/08/28 05:30:00,TAS1,0,0,0,0,2026/08/24 09:21:59
2026-08-23T23:40:54.662Z,2026/08/24 09:30:00,2026/08/28 06:00:00,TAS1,0,0,0,0,2026/08/24 09:21:59
2026-08-23T23:40:54.662Z,2026/08/24 09:30:00,2026/08/28 06:30:00,TAS1,0,0,0,0,2026/08/24 09:21:59
2026-08-23T23:40:54.662Z,2026/08/24 09:30:00,2026/08/28 07:00:00,TAS1,0,0,0,0.276,2026/08/24 09:21:59
2026-08-23T23:40:54.662Z,2026/08/24 09:30:00,2026/08/28 07:30:00,TAS1,6.179,6.505,3.76,8.964,2026/08/24 09:21:59
2026-08-23T23:40:54.662Z,2026/08/24 09:30:00,2026/08/28 08:00:00,TAS1,23.937,25.363,15.091,34.368,2026/08/24 09:21:59
2026-08-23T23:40:54.662Z,2026/08/24 09:30:00,2026/08/28 08:30:00,TAS1,46.11,49.245,30.978,64.696,2026/08/24 09:21:59
2026-08-23T23:40:54.662Z,2026/08/24 09:30:00,2026/08/28 09:00:00,TAS1,69.498,74.398,47.492,96.086,2026/08/24 09:21:59
2026-08-23T23:40:54.662Z,2026/08/24 09:30:00,2026/08/28 09:30:00,TAS1,94.194,102.147,69.6,126.906,2026/08/24 09:21:59
2026-08-23T23:40:54.662Z,2026/08/24 09:30:00,2026/08/28 10:00:00,TAS1,118.122,129.029,91.006,156.18,2026/08/24 09:21:59
2026-08-23T23:40:54.662Z,2026/08/24 09:30:00,2026/08/28 10:30:00,TAS1,141.574,154.713,111.161,183.818,2026/08/24 09:21:59
2026-08-23T23:40:54.662Z,2026/08/24 09:30:00,2026/08/28 11:00:00,TAS1,161.945,175.616,124.417,206.897,2026/08/24 09:21:59
2026-08-23T23:40:54.662Z,2026/08/24 09:30:00,2026/08/28 11:30:00,TAS1,178.076,190.747,134.542,224.374,2026/08/24 09:21:59
2026-08-23T23:40:54.662Z,2026/08/24 09:30:00,2026/08/28 12:00:00,TAS1,188.335,200.412,140.571,234.622,2026/08/24 09:21:59
2026-08-23T23:40:54.662Z,2026/08/24 09:30:00,2026/08/28 12:30:00,TAS1,194.601,205.287,144.13,239.288,2026/08/24 09:21:59
2026-08-23T23:40:54.662Z,2026/08/24 09:30:00,2026/08/28 13:00:00,TAS1,195.638,204.32,142.989,239.164,2026/08/24 09:21:59
2026-08-23T23:40:54.662Z,2026/08/24 09:30:00,2026/08/28 13:30:00,TAS1,189.744,198.138,139.029,231.947,2026/08/24 09:21:59
2026-08-23T23:40:54.662Z,2026/08/24 09:30:00,2026/08/28 14:00:00,TAS1,179.656,187.128,131.101,219.428,2026/08/24 09:21:59
2026-08-23T23:40:54.662Z,2026/08/24 09:30:00,2026/08/28 14:30:00,TAS1,164.201,170.626,119.934,201.019,2026/08/24 09:21:59
2026-08-23T23:40:54.662Z,2026/08/24 09:30:00,2026/08/28 15:00:00,TAS1,144.914,150.422,106.915,176.177,2026/08/24 09:21:59
2026-08-23T23:40:54.662Z,2026/08/24 09:30:00,2026/08/28 15:30:00,TAS1,121.596,124.645,89.135,146.742,2026/08/24 09:21:59
2026-08-23T23:40:54.662Z,2026/08/24 09:30:00,2026/08/28 16:00:00,TAS1,93.839,96.318,68.621,112.324,2026/08/24 09:21:59
2026-08-23T23:40:54.662Z,2026/08/24 09:30:00,2026/08/28 16:30:00,TAS1,62.062,63.336,45.232,73.713,2026/08/24 09:21:59
2026-08-23T23:40:54.662Z,2026/08/24 09:30:00,2026/08/28 17:00:00,TAS1,30.539,31.638,23.069,36.685,2026/08/24 09:21:59
2026-08-23T23:40:54.662Z,2026/08/24 09:30:00,2026/08/28 17:30:00,TAS1,6.914,7.329,5.401,8.498,2026/08/24 09:21:59
2026-08-23T23:40:54.662Z,2026/08/24 09:30:00,2026/08/28 18:00:00,TAS1,0,0.855,0,1.727,2026/08/24 09:21:59
2026-08-23T23:40:54.662Z,2026/08/24 09:30:00,2026/08/28 18:30:00,TAS1,0,0,0,0,2026/08/24 09:21:59
2026-08-23T23:40:54.662Z,2026/08/24 09:30:00,2026/08/28 19:00:00,TAS1,0,0,0,0,2026/08/24 09:21:59
2026-08-23T23:40:54.662Z,2026/08/24 09:30:00,2026/08/28 19:30:00,TAS1,0,0,0,0,2026/08/24 09:21:59
2026-08-23T23:40:54.662Z,2026/08/24 09:30:00,2026/08/28 20:00:00,TAS1,0,0,0,0,2026/08/24 09:21:59
2026-08-23T23:40:54.662Z,2026/08/24 09:30:00,2026/08/28 20:30:00,TAS1,0,0,0,0,2026/08/24 09:21:59
2026-08-23T23:40:54.662Z,2026/08/24 09:30:00,2026/08/28 21:00:00,TAS1,0,0,0,0,2026/08/24 09:21:59
2026-08-23T23:40:54.662Z,2026/08/24 09:30:00,2026/08/28 21:30:00,TAS1,0,0,0,0,2026/08/24 09:21:59
2026-08-23T23:40:54.662Z,2026/08/24 09:30:00,2026/08/28 22:00:00,TAS1,0,0,0,0,2026/08/24 09:21:59
2026-08-23T23:40:54.662Z,2026/08/24 09:30:00,2026/08/28 22:30:00,TAS1,0,0,0,0,2026/08/24 09:21:59
2026-08-23T23:40:54.662Z,2026/08/24 09:30:00,2026/08/28 23:00:00,TAS1,0,0,0,0,2026/08/24 09:21:59
2026-08-23T23:40:54.662Z,2026/08/24 09:30:00,2026/08/28 23:30:00,TAS1,0,0,0,0,2026/08/24 09:21:59
2026-08-23T23:40:54.662Z,2026/08/24 09:30:00,2026/08/29 00:00:00,TAS1,0,0,0,0,2026/08/24 09:21:59
2026-08-23T23:40:54.662Z,2026/08/24 09:30:00,2026/08/29 00:30:00,TAS1,0,0,0,0,2026/08/24 09:21:59
2026-08-23T23:40:54.662Z,2026/08/24 09:30:00,2026/08/29 01:00:00,TAS1,0,0,0,0,2026/08/24 09:21:59
2026-08-23T23:40:54.662Z,2026/08/24 09:30:00,2026/08/29 01:30:00,TAS1,0,0,0,0,2026/08/24 09:21:59
2026-08-23T23:40:54.662Z,2026/08/24 09:30:00,2026/08/29 02:00:00,TAS1,0,0,0,0,2026/08/24 09:21:59
2026-08-23T23:40:54.662Z,2026/08/24 09:30:00,2026/08/29 02:30:00,TAS1,0,0,0,0,2026/08/24 09:21:59
2026-08-23T23:40:54.662Z,2026/08/24 09:30:00,2026/08/29 03:00:00,TAS1,0,0,0,0,2026/08/24 09:21:59
2026-08-23T23:40:54.662Z,2026/08/24 09:30:00,2026/08/29 03:30:00,TAS1,0,0,0,0,2026/08/24 09:21:59
2026-08-23T23:40:54.662Z,2026/08/24 09:30:00,2026/08/29 04:00:00,TAS1,0,0,0,0,2026/08/24 09:21:59
2026-08-23T23:40:54.662Z,2026/08/24 09:30:00,2026/08/29 04:30:00,TAS1,0,0,0,0,2026/08/24 09:21:59
2026-08-23T23:40:54.662Z,2026/08/24 09:30:00,2026/08/29 05:00:00,TAS1,0,0,0,0,2026/08/24 09:21:59
2026-08-23T23:40:54.662Z,2026/08/24 09:30:00,2026/08/29 05:30:00,TAS1,0,0,0,0,2026/08/24 09:21:59
2026-08-23T23:40:54.662Z,2026/08/24 09:30:00,2026/08/29 06:00:00,TAS1,0,0,0,0,2026/08/24 09:21:59
2026-08-23T23:40:54.662Z,2026/08/24 09:30:00,2026/08/29 06:30:00,TAS1,0,0,0,0,2026/08/24 09:21:59
2026-08-23T23:40:54.662Z,2026/08/24 09:30:00,2026/08/29 07:00:00,TAS1,0,0.21,0.093,1.429,2026/08/24 09:21:59
2026-08-23T23:40:54.662Z,2026/08/24 09:30:00,2026/08/29 07:30:00,TAS1,8.631,9.328,6.367,11.164,2026/08/24 09:21:59
2026-08-23T23:40:54.662Z,2026/08/24 09:30:00,2026/08/29 08:00:00,TAS1,32.909,35.342,24.676,41.388,2026/08/24 09:21:59
2026-08-23T23:40:54.662Z,2026/08/24 09:30:00,2026/08/29 08:30:00,TAS1,60.794,65.465,45.949,75.98,2026/08/24 09:21:59
2026-08-23T23:40:54.662Z,2026/08/24 09:30:00,2026/08/29 09:00:00,TAS1,87.486,94.727,66.005,110.307,2026/08/24 09:21:59
2026-08-23T23:40:54.662Z,2026/08/24 09:30:00,2026/08/29 09:30:00,TAS1,112.898,122.458,85.398,141.906,2026/08/24 09:21:59
2026-08-23T23:40:54.662Z,2026/08/24 09:30:00,2026/08/29 10:00:00,TAS1,135.586,146.555,102.605,169.951,2026/08/24 09:21:59
2026-08-23T23:40:54.662Z,2026/08/24 09:30:00,2026/08/29 10:30:00,TAS1,155.571,167.668,116.751,193.98,2026/08/24 09:21:59
2026-08-23T23:40:54.662Z,2026/08/24 09:30:00,2026/08/29 11:00:00,TAS1,171.718,183.221,127.023,213.296,2026/08/24 09:21:59
2026-08-23T23:40:54.662Z,2026/08/24 09:30:00,2026/08/29 11:30:00,TAS1,183.639,194.968,135.502,227.738,2026/08/24 09:21:59
2026-08-23T23:40:54.662Z,2026/08/24 09:30:00,2026/08/29 12:00:00,TAS1,190.173,201.01,139.919,235.618,2026/08/24 09:21:59
2026-08-23T23:40:54.662Z,2026/08/24 09:30:00,2026/08/29 12:30:00,TAS1,193.169,203.307,138.851,238.189,2026/08/24 09:21:59
2026-08-23T23:40:54.662Z,2026/08/24 09:30:00,2026/08/29 13:00:00,TAS1,191.33,201.592,137.008,236.546,2026/08/24 09:21:59
2026-08-23T23:40:54.662Z,2026/08/24 09:30:00,2026/08/29 13:30:00,TAS1,184.363,194.04,132.045,228.274,2026/08/24 09:21:59
2026-08-23T23:40:54.662Z,2026/08/24 09:30:00,2026/08/29 14:00:00,TAS1,172.92,182.935,126.274,214.816,2026/08/24 09:21:59
2026-08-23T23:40:54.662Z,2026/08/24 09:30:00,2026/08/29 14:30:00,TAS1,156.823,166.253,114.882,196.521,2026/08/24 09:21:59
2026-08-23T23:40:54.662Z,2026/08/24 09:30:00,2026/08/29 15:00:00,TAS1,136.852,145.403,100.227,172.567,2026/08/24 09:21:59
2026-08-23T23:40:54.662Z,2026/08/24 09:30:00,2026/08/29 15:30:00,TAS1,113.624,121.459,82.66,142.622,2026/08/24 09:21:59
2026-08-23T23:40:54.662Z,2026/08/24 09:30:00,2026/08/29 16:00:00,TAS1,87.27,93.26,63.553,109.436,2026/08/24 09:21:59
2026-08-23T23:40:54.662Z,2026/08/24 09:30:00,2026/08/29 16:30:00,TAS1,59.135,62.369,42.247,73.131,2026/08/24 09:21:59
2026-08-23T23:40:54.662Z,2026/08/24 09:30:00,2026/08/29 17:00:00,TAS1,30.684,32.636,22.159,38.143,2026/08/24 09:21:59
2026-08-23T23:40:54.662Z,2026/08/24 09:30:00,2026/08/29 17:30:00,TAS1,8.134,8.468,5.612,9.865,2026/08/24 09:21:59
2026-08-23T23:40:54.662Z,2026/08/24 09:30:00,2026/08/29 18:00:00,TAS1,0,0.404,0.244,2.342,2026/08/24 09:21:59
2026-08-23T23:40:54.662Z,2026/08/24 09:30:00,2026/08/29 18:30:00,TAS1,0,0,0,0,2026/08/24 09:21:59
2026-08-23T23:40:54.662Z,2026/08/24 09:30:00,2026/08/29 19:00:00,TAS1,0,0,0,0,2026/08/24 09:21:59
2026-08-23T23:40:54.662Z,2026/08/24 09:30:00,2026/08/29 19:30:00,TAS1,0,0,0,0,2026/08/24 09:21:59
2026-08-23T23:40:54.662Z,2026/08/24 09:30:00,2026/08/29 20:00:00,TAS1,0,0,0,0,2026/08/24 09:21:59
2026-08-23T23:40:54.662Z,2026/08/24 09:30:00,2026/08/29 20:30:00,TAS1,0,0,0,0,2026/08/24 09:21:59
2026-08-23T23:40:54.662Z,2026/08/24 09:30:00,2026/08/29 21:00:00,TAS1,0,0,0,0,2026/08/24 09:21:59
2026-08-23T23:40:54.662Z,2026/08/24 09:30:00,2026/08/29 21:30:00,TAS1,0,0,0,0,2026/08/24 09:21:59
2026-08-23T23:40:54.662Z,2026/08/24 09:30:00,2026/08/29 22:00:00,TAS1,0,0,0,0,2026/08/24 09:21:59
2026-08-23T23:40:54.662Z,2026/08/24 09:30:00,2026/08/29 22:30:00,TAS1,0,0,0,0,2026/08/24 09:21:59
2026-08-23T23:40:54.662Z,2026/08/24 09:30:00,2026/08/29 23:00:00,TAS1,0,0,0,0,2026/08/24 09:21:59
2026-08-23T23:40:54.662Z,2026/08/24 09:30:00,2026/08/29 23:30:00,TAS1,0,0,0,0,2026/08/24 09:21:59
2026-08-23T23:40:54.662Z,2026/08/24 09:30:00,2026/08/30 00:00:00,TAS1,0,0,0,0,2026/08/24 09:21:59
2026-08-23T23:40:54.662Z,2026/08/24 09:30:00,2026/08/30 00:30:00,TAS1,0,0,0,0,2026/08/24 09:21:59
2026-08-23T23:40:54.662Z,2026/08/24 09:30:00,2026/08/30 01:00:00,TAS1,0,0,0,0,2026/08/24 09:21:59
2026-08-23T23:40:54.662Z,2026/08/24 09:30:00,2026/08/30 01:30:00,TAS1,0,0,0,0,2026/08/24 09:21:59
2026-08-23T23:40:54.662Z,2026/08/24 09:30:00,2026/08/30 02:00:00,TAS1,0,0,0,0,2026/08/24 09:21:59
2026-08-23T23:40:54.662Z,2026/08/24 09:30:00,2026/08/30 02:30:00,TAS1,0,0,0,0,2026/08/24 09:21:59
2026-08-23T23:40:54.662Z,2026/08/24 09:30:00,2026/08/30 03:00:00,TAS1,0,0,0,0,2026/08/24 09:21:59
2026-08-23T23:40:54.662Z,2026/08/24 09:30:00,2026/08/30 03:30:00,TAS1,0,0,0,0,2026/08/24 09:21:59
2026-08-23T23:40:54.662Z,2026/08/24 09:30:00,2026/08/30 04:00:00,TAS1,0,0,0,0,2026/08/24 09:21:59
2026-08-23T23:40:54.662Z,2026/08/24 09:30:00,2026/08/30 04:30:00,TAS1,0,0,0,0,2026/08/24 09:21:59
2026-08-23T23:40:54.662Z,2026/08/24 09:30:00,2026/08/30 05:00:00,TAS1,0,0,0,0,2026/08/24 09:21:59
2026-08-23T23:40:54.662Z,2026/08/24 09:30:00,2026/08/30 05:30:00,TAS1,0,0,0,0,2026/08/24 09:21:59
2026-08-23T23:40:54.662Z,2026/08/24 09:30:00,2026/08/30 06:00:00,TAS1,0,0,0,0,2026/08/24 09:21:59
2026-08-23T23:40:54.662Z,2026/08/24 09:30:00,2026/08/30 06:30:00,TAS1,0,0,0,0,2026/08/24 09:21:59
2026-08-23T23:40:54.662Z,2026/08/24 09:30:00,2026/08/30 07:00:00,TAS1,0,0,0,0,2026/08/24 09:21:59
2026-08-23T23:40:54.662Z,2026/08/24 09:30:00,2026/08/30 07:30:00,TAS1,9.59,10.004,6.179,12.412,2026/08/24 09:21:59
2026-08-23T23:40:54.662Z,2026/08/24 09:30:00,2026/08/30 08:00:00,TAS1,35.084,35.685,23.101,43.402,2026/08/24 09:21:59
2026-08-23T23:40:54.662Z,2026/08/24 09:30:00,2026/08/30 08:30:00,TAS1,63.984,64.909,42.066,78.916,2026/08/24 09:21:59
2026-08-23T23:40:54.662Z,2026/08/24 09:30:00,2026/08/30 09:00:00,TAS1,91.869,93.093,60.828,112.831,2026/08/24 09:21:59
2026-08-23T23:40:54.662Z,2026/08/24 09:30:00,2026/08/30 09:30:00,TAS1,118.965,120.3,78.936,145.306,2026/08/24 09:21:59
2026-08-23T23:40:54.662Z,2026/08/24 09:30:00,2026/08/30 10:00:00,TAS1,143.291,144.736,95.319,174.496,2026/08/24 09:21:59
2026-08-23T23:40:54.662Z,2026/08/24 09:30:00,2026/08/30 10:30:00,TAS1,163.272,165.492,109.06,198.197,2026/08/24 09:21:59
2026-08-23T23:40:54.662Z,2026/08/24 09:30:00,2026/08/30 11:00:00,TAS1,178.654,181.173,118.943,216.635,2026/08/24 09:21:59
2026-08-23T23:40:54.662Z,2026/08/24 09:30:00,2026/08/30 11:30:00,TAS1,189.187,192.049,124.685,229.215,2026/08/24 09:21:59
2026-08-23T23:40:54.662Z,2026/08/24 09:30:00,2026/08/30 12:00:00,TAS1,193.979,197.867,128.089,234.622,2026/08/24 09:21:59
2026-08-23T23:40:54.662Z,2026/08/24 09:30:00,2026/08/30 12:30:00,TAS1,195.456,199.315,128.079,237.076,2026/08/24 09:21:59
2026-08-23T23:40:54.662Z,2026/08/24 09:30:00,2026/08/30 13:00:00,TAS1,192.316,194.92,125.725,233.928,2026/08/24 09:21:59
2026-08-23T23:40:54.662Z,2026/08/24 09:30:00,2026/08/30 13:30:00,TAS1,184.568,185.504,115.75,225.334,2026/08/24 09:21:59
2026-08-23T23:40:54.662Z,2026/08/24 09:30:00,2026/08/30 14:00:00,TAS1,172.69,173.278,112.003,211.73,2026/08/24 09:21:59
2026-08-23T23:40:54.662Z,2026/08/24 09:30:00,2026/08/30 14:30:00,TAS1,156.484,156.03,96.058,192.128,2026/08/24 09:21:59
2026-08-23T23:40:54.662Z,2026/08/24 09:30:00,2026/08/30 15:00:00,TAS1,136.625,136.741,82.372,169.431,2026/08/24 09:21:59
2026-08-23T23:40:54.662Z,2026/08/24 09:30:00,2026/08/30 15:30:00,TAS1,113.233,113.224,68.671,141.604,2026/08/24 09:21:59
2026-08-23T23:40:54.662Z,2026/08/24 09:30:00,2026/08/30 16:00:00,TAS1,86.818,86.603,52.885,108.108,2026/08/24 09:21:59
2026-08-23T23:40:54.662Z,2026/08/24 09:30:00,2026/08/30 16:30:00,TAS1,58.872,59.119,35.999,73.219,2026/08/24 09:21:59
2026-08-23T23:40:54.662Z,2026/08/24 09:30:00,2026/08/30 17:00:00,TAS1,30.049,30.387,18.079,37.699,2026/08/24 09:21:59
2026-08-23T23:40:54.662Z,2026/08/24 09:30:00,2026/08/30 17:30:00,TAS1,7.134,7.411,4.358,9.275,2026/08/24 09:21:59
2026-08-23T23:40:54.662Z,2026/08/24 09:30:00,2026/08/30 18:00:00,TAS1,0,0,0,0,2026/08/24 09:21:59
2026-08-23T23:40:54.662Z,2026/08/24 09:30:00,2026/08/30 18:30:00,TAS1,0,0,0,0,2026/08/24 09:21:59
2026-08-23T23:40:54.662Z,2026/08/24 09:30:00,2026/08/30 19:00:00,TAS1,0,0,0,0,2026/08/24 09:21:59
2026-08-23T23:40:54.662Z,2026/08/24 09:30:00,2026/08/30 19:30:00,TAS1,0,0,0,0,2026/08/24 09:21:59
2026-08-23T23:40:54.662Z,2026/08/24 09:30:00,2026/08/30 20:00:00,TAS1,0,0,0,0,2026/08/24 09:21:59
2026-08-23T23:40:54.662Z,2026/08/24 09:30:00,2026/08/30 20:30:00,TAS1,0,0,0,0,2026/08/24 09:21:59
2026-08-23T23:40:54.662Z,2026/08/24 09:30:00,2026/08/30 21:00:00,TAS1,0,0,0,0,2026/08/24 09:21:59
2026-08-23T23:40:54.662Z,2026/08/24 09:30:00,2026/08/30 21:30:00,TAS1,0,0,0,0,2026/08/24 09:21:59
2026-08-23T23:40:54.662Z,2026/08/24 09:30:00,2026/08/30 22:00:00,TAS1,0,0,0,0,2026/08/24 09:21:59
2026-08-23T23:40:54.662Z,2026/08/24 09:30:00,2026/08/30 22:30:00,TAS1,0,0,0,0,2026/08/24 09:21:59
2026-08-23T23:40:54.662Z,2026/08/24 09:30:00,2026/08/30 23:00:00,TAS1,0,0,0,0,2026/08/24 09:21:59
2026-08-23T23:40:54.662Z,2026/08/24 09:30:00,2026/08/30 23:30:00,TAS1,0,0,0,0,2026/08/24 09:21:59
2026-08-23T23:40:54.662Z,2026/08/24 09:30:00,2026/08/31 00:00:00,TAS1,0,0,0,0,2026/08/24 09:21:59
2026-08-23T23:40:54.662Z,2026/08/24 09:30:00,2026/08/31 00:30:00,TAS1,0,0,0,0,2026/08/24 09:21:59
2026-08-23T23:40:54.662Z,2026/08/24 09:30:00,2026/08/31 01:00:00,TAS1,0,0,0,0,2026/08/24 09:21:59
2026-08-23T23:40:54.662Z,2026/08/24 09:30:00,2026/08/31 01:30:00,TAS1,0,0,0,0,2026/08/24 09:21:59
2026-08-23T23:40:54.662Z,2026/08/24 09:30:00,2026/08/31 02:00:00,TAS1,0,0,0,0,2026/08/24 09:21:59
2026-08-23T23:40:54.662Z,2026/08/24 09:30:00,2026/08/31 02:30:00,TAS1,0,0,0,0,2026/08/24 09:21:59
2026-08-23T23:40:54.662Z,2026/08/24 09:30:00,2026/08/31 03:00:00,TAS1,0,0,0,0,2026/08/24 09:21:59
2026-08-23T23:40:54.662Z,2026/08/24 09:30:00,2026/08/31 03:30:00,TAS1,0,0,0,0,2026/08/24 09:21:59
2026-08-23T23:40:54.662Z,2026/08/24 09:30:00,2026/08/31 04:00:00,TAS1,0,0,0,0,2026/08/24 09:21:59
2026-08-23T23:40:54.662Z,2026/08/24 09:30:00,2026/08/31 04:30:00,TAS1,0,0,0,0,2026/08/24 09:21:59
2026-08-23T23:40:54.662Z,2026/08/24 09:30:00,2026/08/31 05:00:00,TAS1,0,0,0,0,2026/08/24 09:21:59
2026-08-23T23:40:54.662Z,2026/08/24 09:30:00,2026/08/31 05:30:00,TAS1,0,0,0,0,2026/08/24 09:21:59
2026-08-23T23:40:54.662Z,2026/08/24 09:30:00,2026/08/31 06:00:00,TAS1,0,0,0,0,2026/08/24 09:21:59
2026-08-23T23:40:54.662Z,2026/08/24 09:30:00,2026/08/31 06:30:00,TAS1,0,0,0,0,2026/08/24 09:21:59
2026-08-23T23:40:54.662Z,2026/08/24 09:30:00,2026/08/31 07:00:00,TAS1,0,0.346,0,1.996,2026/08/24 09:21:59
2026-08-23T23:40:54.662Z,2026/08/24 09:30:00,2026/08/31 07:30:00,TAS1,11.141,11.995,8.26,14.279,2026/08/24 09:21:59
2026-08-23T23:40:54.662Z,2026/08/24 09:30:00,2026/08/31 08:00:00,TAS1,36.054,38.344,26.254,45.851,2026/08/24 09:21:59
2026-08-23T23:40:54.662Z,2026/08/24 09:30:00,2026/08/31 08:30:00,TAS1,63.724,67.558,46.627,81.02,2026/08/24 09:21:59
2026-08-23T23:40:54.662Z,2026/08/24 09:30:00,2026/08/31 09:00:00,TAS1,90.111,95.785,65.727,115.584,2026/08/24 09:21:59
2026-08-23T23:40:54.662Z,2026/08/24 09:30:00,2026/08/31 09:30:00,TAS1,116.385,123.229,84.203,148.461,2026/08/24 09:21:59
2026-08-23T23:40:54.662Z,2026/08/24 09:30:00,2026/08/31 10:00:00,TAS1,140.602,143.327,90.216,176.851,2026/08/24 09:21:59
2026-08-23T23:40:54.662Z,2026/08/24 09:30:00,2026/08/31 10:30:00,TAS1,160.16,163.681,102.004,201.447,2026/08/24 09:21:59
2026-08-23T23:40:54.662Z,2026/08/24 09:30:00,2026/08/31 11:00:00,TAS1,174.425,178.269,110.628,219.108,2026/08/24 09:21:59
2026-08-23T23:40:54.662Z,2026/08/24 09:30:00,2026/08/31 11:30:00,TAS1,183.685,190.181,118.998,231.637,2026/08/24 09:21:59
2026-08-23T23:40:54.662Z,2026/08/24 09:30:00,2026/08/31 12:00:00,TAS1,187.854,193.798,120.44,237.177,2026/08/24 09:21:59
2026-08-23T23:40:54.662Z,2026/08/24 09:30:00,2026/08/31 12:30:00,TAS1,188.649,196.923,120.969,239.42,2026/08/24 09:21:59
2026-08-23T23:40:54.662Z,2026/08/24 09:30:00,2026/08/31 13:00:00,TAS1,184.49,194.23,117.119,232.569,2026/08/24 09:21:59
2026-08-23T23:40:54.662Z,2026/08/24 09:30:00,2026/08/31 13:30:00,TAS1,176.294,186.641,110.637,222.679,2026/08/24 09:21:59
2026-08-23T23:40:54.662Z,2026/08/24 09:30:00,2026/08/31 14:00:00,TAS1,164.239,173.906,101.75,206.445,2026/08/24 09:21:59
2026-08-23T23:40:54.662Z,2026/08/24 09:30:00,2026/08/31 14:30:00,TAS1,148.123,156.864,92.478,187.172,2026/08/24 09:21:59
2026-08-23T23:40:54.662Z,2026/08/24 09:30:00,2026/08/31 15:00:00,TAS1,128.465,134.233,80.242,163.38,2026/08/24 09:21:59
2026-08-23T23:40:54.662Z,2026/08/24 09:30:00,2026/08/31 15:30:00,TAS1,105.677,110.366,65.76,135.088,2026/08/24 09:21:59
2026-08-23T23:40:54.662Z,2026/08/24 09:30:00,2026/08/31 16:00:00,TAS1,80.95,84.561,50.979,103.498,2026/08/24 09:21:59
2026-08-23T23:40:54.662Z,2026/08/24 09:30:00,2026/08/31 16:30:00,TAS1,56.186,58.663,35.627,71.168,2026/08/24 09:21:59
2026-08-23T23:40:54.662Z,2026/08/24 09:30:00,2026/08/31 17:00:00,TAS1,30.423,31.512,19.021,38.506,2026/08/24 09:21:59
2026-08-23T23:40:54.662Z,2026/08/24 09:30:00,2026/08/31 17:30:00,TAS1,8.515,8.813,5.325,10.728,2026/08/24 09:21:59
2026-08-23T23:40:54.662Z,2026/08/24 09:30:00,2026/08/31 18:00:00,TAS1,0,0.594,0.574,2.523,2026/08/24 09:21:59
2026-08-23T23:40:54.662Z,2026/08/24 09:30:00,2026/08/31 18:30:00,TAS1,0,0,0,0,2026/08/24 09:21:59
2026-08-23T23:40:54.662Z,2026/08/24 09:30:00,2026/08/31 19:00:00,TAS1,0,0,0,0,2026/08/24 09:21:59
2026-08-23T23:40:54.662Z,2026/08/24 09:30:00,2026/08/31 19:30:00,TAS1,0,0,0,0,2026/08/24 09:21:59
2026-08-23T23:40:54.662Z,2026/08/24 09:30:00,2026/08/31 20:00:00,TAS1,0,0,0,0,2026/08/24 09:21:59
2026-08-23T23:40:54.662Z,2026/08/24 09:30:00,2026/08/31 20:30:00,TAS1,0,0,0,0,2026/08/24 09:21:59
2026-08-23T23:40:54.662Z,2026/08/24 09:30:00,2026/08/31 21:00:00,TAS1,0,0,0,0,2026/08/24 09:21:59
2026-08-23T23:40:54.662Z,2026/08/24 09:30:00,2026/08/31 21:30:00,TAS1,0,0,0,0,2026/08/24 09:21:59
2026-08-23T23:40:54.662Z,2026/08/24 09:30:00,2026/08/31 22:00:00,TAS1,0,0,0,0,2026/08/24 09:21:59
2026-08-23T23:40:54.662Z,2026/08/24 09:30:00,2026/08/31 22:30:00,TAS1,0,0,0,0,2026/08/24 09:21:59
2026-08-23T23:40:54.662Z,2026/08/24 09:30:00,2026/08/31 23:00:00,TAS1,0,0,0,0,2026/08/24 09:21:59
2026-08-23T23:40:54.662Z,2026/08/24 09:30:00,2026/08/31 23:30:00,TAS1,0,0,0,0,2026/08/24 09:21:59
2026-08-23T23:40:54.662Z,2026/08/24 09:30:00,2026/09/01 00:00:00,TAS1,0,0,0,0,2026/08/24 09:21:59
2026-08-23T23:40:54.662Z,2026/08/24 09:30:00,2026/09/01 00:30:00,TAS1,0,0,0,0,2026/08/24 09:21:59
2026-08-23T23:40:54.662Z,2026/08/24 09:30:00,2026/09/01 01:00:00,TAS1,0,0,0,0,2026/08/24 09:21:59
2026-08-23T23:40:54.662Z,2026/08/24 09:30:00,2026/09/01 01:30:00,TAS1,0,0,0,0,2026/08/24 09:21:59
2026-08-23T23:40:54.662Z,2026/08/24 09:30:00,2026/09/01 02:00:00,TAS1,0,0,0,0,2026/08/24 09:21:59
2026-08-23T23:40:54.662Z,2026/08/24 09:30:00,2026/09/01 02:30:00,TAS1,0,0,0,0,2026/08/24 09:21:59
2026-08-23T23:40:54.662Z,2026/08/24 09:30:00,2026/09/01 03:00:00,TAS1,0,0,0,0,2026/08/24 09:21:59
2026-08-23T23:40:54.662Z,2026/08/24 09:30:00,2026/09/01 03:30:00,TAS1,0,0,0,0,2026/08/24 09:21:59
2026-08-23T23:40:54.662Z,2026/08/24 09:30:00,2026/09/01 04:00:00,TAS1,0,0,0,0,2026/08/24 09:21:59
2026-08-23T23:40:54.662Z,2026/08/24 09:30:00,2026/08/24 10:00:00,VIC1,1809.526,1822.157,1673.022,1916.055,2026/08/24 09:22:04
2026-08-23T23:40:54.662Z,2026/08/24 09:30:00,2026/08/24 10:30:00,VIC1,2077.426,2034.868,1737.003,2278.809,2026/08/24 09:22:04
2026-08-23T23:40:54.662Z,2026/08/24 09:30:00,2026/08/24 11:00:00,VIC1,2294.875,2227.44,1830.102,2533.373,2026/08/24 09:22:04
2026-08-23T23:40:54.662Z,2026/08/24 09:30:00,2026/08/24 11:30:00,VIC1,2448.463,2372.532,1876.645,2691.023,2026/08/24 09:22:04
2026-08-23T23:40:54.662Z,2026/08/24 09:30:00,2026/08/24 12:00:00,VIC1,2492.365,2374.87,1862.198,2739.146,2026/08/24 09:22:04
2026-08-23T23:40:54.662Z,2026/08/24 09:30:00,2026/08/24 12:30:00,VIC1,2455.382,2293.005,1854.309,2684.122,2026/08/24 09:22:04
2026-08-23T23:40:54.662Z,2026/08/24 09:30:00,2026/08/24 13:00:00,VIC1,2366.588,2225.461,1765.001,2616.204,2026/08/24 09:22:04
2026-08-23T23:40:54.662Z,2026/08/24 09:30:00,2026/08/24 13:30:00,VIC1,2219.252,2112.221,1649.149,2486.73,2026/08/24 09:22:04
2026-08-23T23:40:54.662Z,2026/08/24 09:30:00,2026/08/24 14:00:00,VIC1,2027.435,1934.834,1489.652,2308.762,2026/08/24 09:22:04
2026-08-23T23:40:54.662Z,2026/08/24 09:30:00,2026/08/24 14:30:00,VIC1,1798.135,1752.473,1319.823,2083.845,2026/08/24 09:22:04
2026-08-23T23:40:54.662Z,2026/08/24 09:30:00,2026/08/24 15:00:00,VIC1,1397.696,1422.153,1038.941,1719.926,2026/08/24 09:22:04
2026-08-23T23:40:54.662Z,2026/08/24 09:30:00,2026/08/24 15:30:00,VIC1,1130.347,1168.699,840.253,1416.108,2026/08/24 09:22:04
2026-08-23T23:40:54.662Z,2026/08/24 09:30:00,2026/08/24 16:00:00,VIC1,852.144,886.475,631.999,1084.361,2026/08/24 09:22:04
2026-08-23T23:40:54.662Z,2026/08/24 09:30:00,2026/08/24 16:30:00,VIC1,565.084,586.781,419.922,719.066,2026/08/24 09:22:04
2026-08-23T23:40:54.662Z,2026/08/24 09:30:00,2026/08/24 17:00:00,VIC1,291.211,303.012,216.778,374.366,2026/08/24 09:22:04
2026-08-23T23:40:54.662Z,2026/08/24 09:30:00,2026/08/24 17:30:00,VIC1,71.778,77.846,54.316,103.603,2026/08/24 09:22:04
2026-08-23T23:40:54.662Z,2026/08/24 09:30:00,2026/08/24 18:00:00,VIC1,0,0,0,3.473,2026/08/24 09:22:04
2026-08-23T23:40:54.662Z,2026/08/24 09:30:00,2026/08/24 18:30:00,VIC1,0,0,0,0,2026/08/24 09:22:04
2026-08-23T23:40:54.662Z,2026/08/24 09:30:00,2026/08/24 19:00:00,VIC1,0,0,0,0,2026/08/24 09:22:04
2026-08-23T23:40:54.662Z,2026/08/24 09:30:00,2026/08/24 19:30:00,VIC1,0,0,0,0,2026/08/24 09:22:04
2026-08-23T23:40:54.662Z,2026/08/24 09:30:00,2026/08/24 20:00:00,VIC1,0,0,0,0,2026/08/24 09:22:04
2026-08-23T23:40:54.662Z,2026/08/24 09:30:00,2026/08/24 20:30:00,VIC1,0,0,0,0,2026/08/24 09:22:04
2026-08-23T23:40:54.662Z,2026/08/24 09:30:00,2026/08/24 21:00:00,VIC1,0,0,0,0,2026/08/24 09:22:04
2026-08-23T23:40:54.662Z,2026/08/24 09:30:00,2026/08/24 21:30:00,VIC1,0,0,0,0,2026/08/24 09:22:04
2026-08-23T23:40:54.662Z,2026/08/24 09:30:00,2026/08/24 22:00:00,VIC1,0,0,0,0,2026/08/24 09:22:04
2026-08-23T23:40:54.662Z,2026/08/24 09:30:00,2026/08/24 22:30:00,VIC1,0,0,0,0,2026/08/24 09:22:04
2026-08-23T23:40:54.662Z,2026/08/24 09:30:00,2026/08/24 23:00:00,VIC1,0,0,0,0,2026/08/24 09:22:04
2026-08-23T23:40:54.662Z,2026/08/24 09:30:00,2026/08/24 23:30:00,VIC1,0,0,0,0,2026/08/24 09:22:04
2026-08-23T23:40:54.662Z,2026/08/24 09:30:00,2026/08/25 00:00:00,VIC1,0,0,0,0,2026/08/24 09:22:04
2026-08-23T23:40:54.662Z,2026/08/24 09:30:00,2026/08/25 00:30:00,VIC1,0,0,0,0,2026/08/24 09:22:04
2026-08-23T23:40:54.662Z,2026/08/24 09:30:00,2026/08/25 01:00:00,VIC1,0,0,0,0,2026/08/24 09:22:04
2026-08-23T23:40:54.662Z,2026/08/24 09:30:00,2026/08/25 01:30:00,VIC1,0,0,0,0,2026/08/24 09:22:04
2026-08-23T23:40:54.662Z,2026/08/24 09:30:00,2026/08/25 02:00:00,VIC1,0,0,0,0,2026/08/24 09:22:04
2026-08-23T23:40:54.662Z,2026/08/24 09:30:00,2026/08/25 02:30:00,VIC1,0,0,0,0,2026/08/24 09:22:04
2026-08-23T23:40:54.662Z,2026/08/24 09:30:00,2026/08/25 03:00:00,VIC1,0,0,0,0,2026/08/24 09:22:04
2026-08-23T23:40:54.662Z,2026/08/24 09:30:00,2026/08/25 03:30:00,VIC1,0,0,0,0,2026/08/24 09:22:04
2026-08-23T23:40:54.662Z,2026/08/24 09:30:00,2026/08/25 04:00:00,VIC1,0,0,0,0,2026/08/24 09:22:04
2026-08-23T23:40:54.662Z,2026/08/24 09:30:00,2026/08/25 04:30:00,VIC1,0,0,0,0,2026/08/24 09:22:04
2026-08-23T23:40:54.662Z,2026/08/24 09:30:00,2026/08/25 05:00:00,VIC1,0,0,0,0,2026/08/24 09:22:04
2026-08-23T23:40:54.662Z,2026/08/24 09:30:00,2026/08/25 05:30:00,VIC1,0,0,0,0,2026/08/24 09:22:04
2026-08-23T23:40:54.662Z,2026/08/24 09:30:00,2026/08/25 06:00:00,VIC1,0,0,0,0,2026/08/24 09:22:04
2026-08-23T23:40:54.662Z,2026/08/24 09:30:00,2026/08/25 06:30:00,VIC1,0,0,0,0,2026/08/24 09:22:04
2026-08-23T23:40:54.662Z,2026/08/24 09:30:00,2026/08/25 07:00:00,VIC1,0,0,0,1.608,2026/08/24 09:22:04
2026-08-23T23:40:54.662Z,2026/08/24 09:30:00,2026/08/25 07:30:00,VIC1,4.672,4.623,0,14.984,2026/08/24 09:22:04
2026-08-23T23:40:54.662Z,2026/08/24 09:30:00,2026/08/25 08:00:00,VIC1,92.42,97.383,57.37,155.003,2026/08/24 09:22:04
2026-08-23T23:40:54.662Z,2026/08/24 09:30:00,2026/08/25 08:30:00,VIC1,247.05,261.491,166.739,382.861,2026/08/24 09:22:04
2026-08-23T23:40:54.662Z,2026/08/24 09:30:00,2026/08/25 09:00:00,VIC1,429.634,453.932,295.813,653.313,2026/08/24 09:22:04
2026-08-23T23:40:54.662Z,2026/08/24 09:30:00,2026/08/25 09:30:00,VIC1,632.609,663.636,434.62,930.672,2026/08/24 09:22:04
2026-08-23T23:40:54.662Z,2026/08/24 09:30:00,2026/08/25 10:00:00,VIC1,845.501,881.328,583.751,1207.978,2026/08/24 09:22:04
2026-08-23T23:40:54.662Z,2026/08/24 09:30:00,2026/08/25 10:30:00,VIC1,1028.878,1066.385,703.465,1437.086,2026/08/24 09:22:04
2026-08-23T23:40:54.662Z,2026/08/24 09:30:00,2026/08/25 11:00:00,VIC1,1188.217,1228.888,830.218,1636.489,2026/08/24 09:22:04
2026-08-23T23:40:54.662Z,2026/08/24 09:30:00,2026/08/25 11:30:00,VIC1,1306.411,1347.484,900.251,1783.843,2026/08/24 09:22:04
2026-08-23T23:40:54.662Z,2026/08/24 09:30:00,2026/08/25 12:00:00,VIC1,1368.374,1408.403,912.367,1864.96,2026/08/24 09:22:04
2026-08-23T23:40:54.662Z,2026/08/24 09:30:00,2026/08/25 12:30:00,VIC1,1367.606,1411.534,899.62,1871.89,2026/08/24 09:22:04
2026-08-23T23:40:54.662Z,2026/08/24 09:30:00,2026/08/25 13:00:00,VIC1,1334.765,1385.58,876.934,1836.132,2026/08/24 09:22:04
2026-08-23T23:40:54.662Z,2026/08/24 09:30:00,2026/08/25 13:30:00,VIC1,1244.458,1299.031,813.585,1729.462,2026/08/24 09:22:04
2026-08-23T23:40:54.662Z,2026/08/24 09:30:00,2026/08/25 14:00:00,VIC1,1125.993,1154.974,729.295,1582.479,2026/08/24 09:22:04
2026-08-23T23:40:54.662Z,2026/08/24 09:30:00,2026/08/25 14:30:00,VIC1,986.65,1012.714,631.176,1403.297,2026/08/24 09:22:04
2026-08-23T23:40:54.662Z,2026/08/24 09:30:00,2026/08/25 15:00:00,VIC1,829.092,852.993,525.014,1202.632,2026/08/24 09:22:04
2026-08-23T23:40:54.662Z,2026/08/24 09:30:00,2026/08/25 15:30:00,VIC1,659.757,679.517,417.753,977.504,2026/08/24 09:22:04
2026-08-23T23:40:54.662Z,2026/08/24 09:30:00,2026/08/25 16:00:00,VIC1,482.99,498.397,303.251,729.404,2026/08/24 09:22:04
2026-08-23T23:40:54.662Z,2026/08/24 09:30:00,2026/08/25 16:30:00,VIC1,327.762,337.028,208.36,494.391,2026/08/24 09:22:04
2026-08-23T23:40:54.662Z,2026/08/24 09:30:00,2026/08/25 17:00:00,VIC1,169.505,173.285,106.644,257.616,2026/08/24 09:22:04
2026-08-23T23:40:54.662Z,2026/08/24 09:30:00,2026/08/25 17:30:00,VIC1,35.255,37.088,17.556,64.474,2026/08/24 09:22:04
2026-08-23T23:40:54.662Z,2026/08/24 09:30:00,2026/08/25 18:00:00,VIC1,0,0.42,0,2.632,2026/08/24 09:22:04
2026-08-23T23:40:54.662Z,2026/08/24 09:30:00,2026/08/25 18:30:00,VIC1,0,0,0,0,2026/08/24 09:22:04
2026-08-23T23:40:54.662Z,2026/08/24 09:30:00,2026/08/25 19:00:00,VIC1,0,0,0,0,2026/08/24 09:22:04
2026-08-23T23:40:54.662Z,2026/08/24 09:30:00,2026/08/25 19:30:00,VIC1,0,0,0,0,2026/08/24 09:22:04
2026-08-23T23:40:54.662Z,2026/08/24 09:30:00,2026/08/25 20:00:00,VIC1,0,0,0,0,2026/08/24 09:22:04
2026-08-23T23:40:54.662Z,2026/08/24 09:30:00,2026/08/25 20:30:00,VIC1,0,0,0,0,2026/08/24 09:22:04
2026-08-23T23:40:54.662Z,2026/08/24 09:30:00,2026/08/25 21:00:00,VIC1,0,0,0,0,2026/08/24 09:22:04
2026-08-23T23:40:54.662Z,2026/08/24 09:30:00,2026/08/25 21:30:00,VIC1,0,0,0,0,2026/08/24 09:22:04
2026-08-23T23:40:54.662Z,2026/08/24 09:30:00,2026/08/25 22:00:00,VIC1,0,0,0,0,2026/08/24 09:22:04
2026-08-23T23:40:54.662Z,2026/08/24 09:30:00,2026/08/25 22:30:00,VIC1,0,0,0,0,2026/08/24 09:22:04
2026-08-23T23:40:54.662Z,2026/08/24 09:30:00,2026/08/25 23:00:00,VIC1,0,0,0,0,2026/08/24 09:22:04
2026-08-23T23:40:54.662Z,2026/08/24 09:30:00,2026/08/25 23:30:00,VIC1,0,0,0,0,2026/08/24 09:22:04
2026-08-23T23:40:54.662Z,2026/08/24 09:30:00,2026/08/26 00:00:00,VIC1,0,0,0,0,2026/08/24 09:22:04
2026-08-23T23:40:54.662Z,2026/08/24 09:30:00,2026/08/26 00:30:00,VIC1,0,0,0,0,2026/08/24 09:22:04
2026-08-23T23:40:54.662Z,2026/08/24 09:30:00,2026/08/26 01:00:00,VIC1,0,0,0,0,2026/08/24 09:22:04
2026-08-23T23:40:54.662Z,2026/08/24 09:30:00,2026/08/26 01:30:00,VIC1,0,0,0,0,2026/08/24 09:22:04
2026-08-23T23:40:54.662Z,2026/08/24 09:30:00,2026/08/26 02:00:00,VIC1,0,0,0,0,2026/08/24 09:22:04
2026-08-23T23:40:54.662Z,2026/08/24 09:30:00,2026/08/26 02:30:00,VIC1,0,0,0,0,2026/08/24 09:22:04
2026-08-23T23:40:54.662Z,2026/08/24 09:30:00,2026/08/26 03:00:00,VIC1,0,0,0,0,2026/08/24 09:22:04
2026-08-23T23:40:54.662Z,2026/08/24 09:30:00,2026/08/26 03:30:00,VIC1,0,0,0,0,2026/08/24 09:22:04
2026-08-23T23:40:54.662Z,2026/08/24 09:30:00,2026/08/26 04:00:00,VIC1,0,0,0,0,2026/08/24 09:21:59
2026-08-23T23:40:54.662Z,2026/08/24 09:30:00,2026/08/26 04:30:00,VIC1,0,0,0,0,2026/08/24 09:21:59
2026-08-23T23:40:54.662Z,2026/08/24 09:30:00,2026/08/26 05:00:00,VIC1,0,0,0,0,2026/08/24 09:21:59
2026-08-23T23:40:54.662Z,2026/08/24 09:30:00,2026/08/26 05:30:00,VIC1,0,0,0,0,2026/08/24 09:21:59
2026-08-23T23:40:54.662Z,2026/08/24 09:30:00,2026/08/26 06:00:00,VIC1,0,0,0,0,2026/08/24 09:21:59
2026-08-23T23:40:54.662Z,2026/08/24 09:30:00,2026/08/26 06:30:00,VIC1,0,0,0,0,2026/08/24 09:21:59
2026-08-23T23:40:54.662Z,2026/08/24 09:30:00,2026/08/26 07:00:00,VIC1,0,0,0,0,2026/08/24 09:21:59
2026-08-23T23:40:54.662Z,2026/08/24 09:30:00,2026/08/26 07:30:00,VIC1,22.206,21.806,13.253,32.548,2026/08/24 09:21:59
2026-08-23T23:40:54.662Z,2026/08/24 09:30:00,2026/08/26 08:00:00,VIC1,221.709,232.732,169.04,299.297,2026/08/24 09:21:59
2026-08-23T23:40:54.662Z,2026/08/24 09:30:00,2026/08/26 08:30:00,VIC1,532.97,537.038,389.232,668.737,2026/08/24 09:21:59
2026-08-23T23:40:54.662Z,2026/08/24 09:30:00,2026/08/26 09:00:00,VIC1,869.594,861.361,623.594,1073.678,2026/08/24 09:21:59
2026-08-23T23:40:54.662Z,2026/08/24 09:30:00,2026/08/26 09:30:00,VIC1,1202.516,1185.352,858.614,1466.696,2026/08/24 09:21:59
2026-08-23T23:40:54.662Z,2026/08/24 09:30:00,2026/08/26 10:00:00,VIC1,1497.87,1466.472,1055.728,1802.916,2026/08/24 09:21:59
2026-08-23T23:40:54.662Z,2026/08/24 09:30:00,2026/08/26 10:30:00,VIC1,1728.335,1694.081,1213.316,2069.82,2026/08/24 09:21:59
2026-08-23T23:40:54.662Z,2026/08/24 09:30:00,2026/08/26 11:00:00,VIC1,1906.011,1869.616,1337.372,2280.885,2026/08/24 09:21:59
2026-08-23T23:40:54.662Z,2026/08/24 09:30:00,2026/08/26 11:30:00,VIC1,2027.588,1994.326,1427.549,2433.88,2026/08/24 09:21:59
2026-08-23T23:40:54.662Z,2026/08/24 09:30:00,2026/08/26 12:00:00,VIC1,2097.332,2067.105,1486.157,2527.801,2026/08/24 09:21:59
2026-08-23T23:40:54.662Z,2026/08/24 09:30:00,2026/08/26 12:30:00,VIC1,2115.429,2071.916,1506.756,2554.644,2026/08/24 09:21:59
2026-08-23T23:40:54.662Z,2026/08/24 09:30:00,2026/08/26 13:00:00,VIC1,2092.827,2054.005,1498.649,2536.613,2026/08/24 09:21:59
2026-08-23T23:40:54.662Z,2026/08/24 09:30:00,2026/08/26 13:30:00,VIC1,2014.342,1983.918,1429.51,2467.055,2026/08/24 09:21:59
2026-08-23T23:40:54.662Z,2026/08/24 09:30:00,2026/08/26 14:00:00,VIC1,1886.621,1863.229,1348.435,2328.002,2026/08/24 09:21:59
2026-08-23T23:40:54.662Z,2026/08/24 09:30:00,2026/08/26 14:30:00,VIC1,1712.791,1717.454,1246.278,2131.358,2026/08/24 09:21:59
2026-08-23T23:40:54.662Z,2026/08/24 09:30:00,2026/08/26 15:00:00,VIC1,1497.856,1508.973,1097.876,1879.694,2026/08/24 09:21:59
2026-08-23T23:40:54.662Z,2026/08/24 09:30:00,2026/08/26 15:30:00,VIC1,1245.983,1262.171,920.626,1572.624,2026/08/24 09:21:59
2026-08-23T23:40:54.662Z,2026/08/24 09:30:00,2026/08/26 16:00:00,VIC1,961.926,978.456,709.589,1217.577,2026/08/24 09:21:59
2026-08-23T23:40:54.662Z,2026/08/24 09:30:00,2026/08/26 16:30:00,VIC1,650.791,662.269,475.89,824.145,2026/08/24 09:21:59
2026-08-23T23:40:54.662Z,2026/08/24 09:30:00,2026/08/26 17:00:00,VIC1,345.384,353.719,250.26,442.494,2026/08/24 09:21:59
2026-08-23T23:40:54.662Z,2026/08/24 09:30:00,2026/08/26 17:30:00,VIC1,85.939,90.646,58.739,125.122,2026/08/24 09:21:59
2026-08-23T23:40:54.662Z,2026/08/24 09:30:00,2026/08/26 18:00:00,VIC1,0,0,0,3.635,2026/08/24 09:21:59
2026-08-23T23:40:54.662Z,2026/08/24 09:30:00,2026/08/26 18:30:00,VIC1,0,0,0,0,2026/08/24 09:21:59
2026-08-23T23:40:54.662Z,2026/08/24 09:30:00,2026/08/26 19:00:00,VIC1,0,0,0,0,2026/08/24 09:21:59
2026-08-23T23:40:54.662Z,2026/08/24 09:30:00,2026/08/26 19:30:00,VIC1,0,0,0,0,2026/08/24 09:21:59
2026-08-23T23:40:54.662Z,2026/08/24 09:30:00,2026/08/26 20:00:00,VIC1,0,0,0,0,2026/08/24 09:21:59
2026-08-23T23:40:54.662Z,2026/08/24 09:30:00,2026/08/26 20:30:00,VIC1,0,0,0,0,2026/08/24 09:21:59
2026-08-23T23:40:54.662Z,2026/08/24 09:30:00,2026/08/26 21:00:00,VIC1,0,0,0,0,2026/08/24 09:21:59
2026-08-23T23:40:54.662Z,2026/08/24 09:30:00,2026/08/26 21:30:00,VIC1,0,0,0,0,2026/08/24 09:21:59
2026-08-23T23:40:54.662Z,2026/08/24 09:30:00,2026/08/26 22:00:00,VIC1,0,0,0,0,2026/08/24 09:21:59
2026-08-23T23:40:54.662Z,2026/08/24 09:30:00,2026/08/26 22:30:00,VIC1,0,0,0,0,2026/08/24 09:21:59
2026-08-23T23:40:54.662Z,2026/08/24 09:30:00,2026/08/26 23:00:00,VIC1,0,0,0,0,2026/08/24 09:21:59
2026-08-23T23:40:54.662Z,2026/08/24 09:30:00,2026/08/26 23:30:00,VIC1,0,0,0,0,2026/08/24 09:21:59
2026-08-23T23:40:54.662Z,2026/08/24 09:30:00,2026/08/27 00:00:00,VIC1,0,0,0,0,2026/08/24 09:21:59
2026-08-23T23:40:54.662Z,2026/08/24 09:30:00,2026/08/27 00:30:00,VIC1,0,0,0,0,2026/08/24 09:21:59
2026-08-23T23:40:54.662Z,2026/08/24 09:30:00,2026/08/27 01:00:00,VIC1,0,0,0,0,2026/08/24 09:21:59
2026-08-23T23:40:54.662Z,2026/08/24 09:30:00,2026/08/27 01:30:00,VIC1,0,0,0,0,2026/08/24 09:21:59
2026-08-23T23:40:54.662Z,2026/08/24 09:30:00,2026/08/27 02:00:00,VIC1,0,0,0,0,2026/08/24 09:21:59
2026-08-23T23:40:54.662Z,2026/08/24 09:30:00,2026/08/27 02:30:00,VIC1,0,0,0,0,2026/08/24 09:21:59
2026-08-23T23:40:54.662Z,2026/08/24 09:30:00,2026/08/27 03:00:00,VIC1,0,0,0,0,2026/08/24 09:21:59
2026-08-23T23:40:54.662Z,2026/08/24 09:30:00,2026/08/27 03:30:00,VIC1,0,0,0,0,2026/08/24 09:21:59
2026-08-23T23:40:54.662Z,2026/08/24 09:30:00,2026/08/27 04:00:00,VIC1,0,0,0,0,2026/08/24 09:21:59
2026-08-23T23:40:54.662Z,2026/08/24 09:30:00,2026/08/27 04:30:00,VIC1,0,0,0,0,2026/08/24 09:21:59
2026-08-23T23:40:54.662Z,2026/08/24 09:30:00,2026/08/27 05:00:00,VIC1,0,0,0,0,2026/08/24 09:21:59
2026-08-23T23:40:54.662Z,2026/08/24 09:30:00,2026/08/27 05:30:00,VIC1,0,0,0,0,2026/08/24 09:21:59
2026-08-23T23:40:54.662Z,2026/08/24 09:30:00,2026/08/27 06:00:00,VIC1,0,0,0,0,2026/08/24 09:21:59
2026-08-23T23:40:54.662Z,2026/08/24 09:30:00,2026/08/27 06:30:00,VIC1,0,0,0,0,2026/08/24 09:21:59
2026-08-23T23:40:54.662Z,2026/08/24 09:30:00,2026/08/27 07:00:00,VIC1,0,0,0,0.258,2026/08/24 09:21:59
2026-08-23T23:40:54.662Z,2026/08/24 09:30:00,2026/08/27 07:30:00,VIC1,35.301,35.094,23.741,51.981,2026/08/24 09:21:59
2026-08-23T23:40:54.662Z,2026/08/24 09:30:00,2026/08/27 08:00:00,VIC1,284.02,293.236,209.59,360.448,2026/08/24 09:21:59
2026-08-23T23:40:54.662Z,2026/08/24 09:30:00,2026/08/27 08:30:00,VIC1,674.504,692.074,487.764,804.294,2026/08/24 09:21:59
2026-08-23T23:40:54.662Z,2026/08/24 09:30:00,2026/08/27 09:00:00,VIC1,1114.499,1146.687,819.994,1310.025,2026/08/24 09:21:59
2026-08-23T23:40:54.662Z,2026/08/24 09:30:00,2026/08/27 09:30:00,VIC1,1566.522,1614.26,1162.918,1823.231,2026/08/24 09:21:59
2026-08-23T23:40:54.662Z,2026/08/24 09:30:00,2026/08/27 10:00:00,VIC1,1991.096,2060.272,1502.467,2301.563,2026/08/24 09:21:59
2026-08-23T23:40:54.662Z,2026/08/24 09:30:00,2026/08/27 10:30:00,VIC1,2327.177,2414.095,1769.567,2683.22,2026/08/24 09:21:59
2026-08-23T23:40:54.662Z,2026/08/24 09:30:00,2026/08/27 11:00:00,VIC1,2596.727,2700.927,2003.212,2992.71,2026/08/24 09:21:59
2026-08-23T23:40:54.662Z,2026/08/24 09:30:00,2026/08/27 11:30:00,VIC1,2791.611,2905.314,2162.675,3213.006,2026/08/24 09:21:59
2026-08-23T23:40:54.662Z,2026/08/24 09:30:00,2026/08/27 12:00:00,VIC1,2914.485,3039.81,2262.371,3351.266,2026/08/24 09:21:59
2026-08-23T23:40:54.662Z,2026/08/24 09:30:00,2026/08/27 12:30:00,VIC1,2961.022,3084.513,2277.954,3416.203,2026/08/24 09:21:59
2026-08-23T23:40:54.662Z,2026/08/24 09:30:00,2026/08/27 13:00:00,VIC1,2939.585,3061.405,2258.515,3390.036,2026/08/24 09:21:59
2026-08-23T23:40:54.662Z,2026/08/24 09:30:00,2026/08/27 13:30:00,VIC1,2825.831,2941.819,2135.938,3266.449,2026/08/24 09:21:59
2026-08-23T23:40:54.662Z,2026/08/24 09:30:00,2026/08/27 14:00:00,VIC1,2639.873,2743.445,1972.113,3063.543,2026/08/24 09:21:59
2026-08-23T23:40:54.662Z,2026/08/24 09:30:00,2026/08/27 14:30:00,VIC1,2386.67,2474.602,1737.751,2784.587,2026/08/24 09:21:59
2026-08-23T23:40:54.662Z,2026/08/24 09:30:00,2026/08/27 15:00:00,VIC1,2077.258,2146.347,1488.512,2430.906,2026/08/24 09:21:59
2026-08-23T23:40:54.662Z,2026/08/24 09:30:00,2026/08/27 15:30:00,VIC1,1720.02,1778.978,1224.391,2022.079,2026/08/24 09:21:59
2026-08-23T23:40:54.662Z,2026/08/24 09:30:00,2026/08/27 16:00:00,VIC1,1322.642,1373.573,956.456,1561.783,2026/08/24 09:21:59
2026-08-23T23:40:54.662Z,2026/08/24 09:30:00,2026/08/27 16:30:00,VIC1,881.754,917.074,652.905,1042.871,2026/08/24 09:21:59
2026-08-23T23:40:54.662Z,2026/08/24 09:30:00,2026/08/27 17:00:00,VIC1,461.881,478.451,329.966,550.739,2026/08/24 09:21:59
2026-08-23T23:40:54.662Z,2026/08/24 09:30:00,2026/08/27 17:30:00,VIC1,119.656,122.103,79.522,158.97,2026/08/24 09:21:59
2026-08-23T23:40:54.662Z,2026/08/24 09:30:00,2026/08/27 18:00:00,VIC1,0,0,0,3.195,2026/08/24 09:21:59
2026-08-23T23:40:54.662Z,2026/08/24 09:30:00,2026/08/27 18:30:00,VIC1,0,0,0,0,2026/08/24 09:21:59
2026-08-23T23:40:54.662Z,2026/08/24 09:30:00,2026/08/27 19:00:00,VIC1,0,0,0,0,2026/08/24 09:21:59
2026-08-23T23:40:54.662Z,2026/08/24 09:30:00,2026/08/27 19:30:00,VIC1,0,0,0,0,2026/08/24 09:21:59
2026-08-23T23:40:54.662Z,2026/08/24 09:30:00,2026/08/27 20:00:00,VIC1,0,0,0,0,2026/08/24 09:21:59
2026-08-23T23:40:54.662Z,2026/08/24 09:30:00,2026/08/27 20:30:00,VIC1,0,0,0,0,2026/08/24 09:21:59
2026-08-23T23:40:54.662Z,2026/08/24 09:30:00,2026/08/27 21:00:00,VIC1,0,0,0,0,2026/08/24 09:21:59
2026-08-23T23:40:54.662Z,2026/08/24 09:30:00,2026/08/27 21:30:00,VIC1,0,0,0,0,2026/08/24 09:21:59
2026-08-23T23:40:54.662Z,2026/08/24 09:30:00,2026/08/27 22:00:00,VIC1,0,0,0,0,2026/08/24 09:21:59
2026-08-23T23:40:54.662Z,2026/08/24 09:30:00,2026/08/27 22:30:00,VIC1,0,0,0,0,2026/08/24 09:21:59
2026-08-23T23:40:54.662Z,2026/08/24 09:30:00,2026/08/27 23:00:00,VIC1,0,0,0,0,2026/08/24 09:21:59
2026-08-23T23:40:54.662Z,2026/08/24 09:30:00,2026/08/27 23:30:00,VIC1,0,0,0,0,2026/08/24 09:21:59
2026-08-23T23:40:54.662Z,2026/08/24 09:30:00,2026/08/28 00:00:00,VIC1,0,0,0,0,2026/08/24 09:21:59
2026-08-23T23:40:54.662Z,2026/08/24 09:30:00,2026/08/28 00:30:00,VIC1,0,0,0,0,2026/08/24 09:21:59
2026-08-23T23:40:54.662Z,2026/08/24 09:30:00,2026/08/28 01:00:00,VIC1,0,0,0,0,2026/08/24 09:21:59
2026-08-23T23:40:54.662Z,2026/08/24 09:30:00,2026/08/28 01:30:00,VIC1,0,0,0,0,2026/08/24 09:21:59
2026-08-23T23:40:54.662Z,2026/08/24 09:30:00,2026/08/28 02:00:00,VIC1,0,0,0,0,2026/08/24 09:21:59
2026-08-23T23:40:54.662Z,2026/08/24 09:30:00,2026/08/28 02:30:00,VIC1,0,0,0,0,2026/08/24 09:21:59
2026-08-23T23:40:54.662Z,2026/08/24 09:30:00,2026/08/28 03:00:00,VIC1,0,0,0,0,2026/08/24 09:21:59
2026-08-23T23:40:54.662Z,2026/08/24 09:30:00,2026/08/28 03:30:00,VIC1,0,0,0,0,2026/08/24 09:21:59
2026-08-23T23:40:54.662Z,2026/08/24 09:30:00,2026/08/28 04:00:00,VIC1,0,0,0,0,2026/08/24 09:21:59
2026-08-23T23:40:54.662Z,2026/08/24 09:30:00,2026/08/28 04:30:00,VIC1,0,0,0,0,2026/08/24 09:21:59
2026-08-23T23:40:54.662Z,2026/08/24 09:30:00,2026/08/28 05:00:00,VIC1,0,0,0,0,2026/08/24 09:21:59
2026-08-23T23:40:54.662Z,2026/08/24 09:30:00,2026/08/28 05:30:00,VIC1,0,0,0,0,2026/08/24 09:21:59
2026-08-23T23:40:54.662Z,2026/08/24 09:30:00,2026/08/28 06:00:00,VIC1,0,0,0,0,2026/08/24 09:21:59
2026-08-23T23:40:54.662Z,2026/08/24 09:30:00,2026/08/28 06:30:00,VIC1,0,0,0,0,2026/08/24 09:21:59
2026-08-23T23:40:54.662Z,2026/08/24 09:30:00,2026/08/28 07:00:00,VIC1,0,0,0,15.732,2026/08/24 09:21:59
2026-08-23T23:40:54.662Z,2026/08/24 09:30:00,2026/08/28 07:30:00,VIC1,25.546,21.523,11.568,73.157,2026/08/24 09:21:59
2026-08-23T23:40:54.662Z,2026/08/24 09:30:00,2026/08/28 08:00:00,VIC1,290.491,300.938,195.936,353.67,2026/08/24 09:21:59
2026-08-23T23:40:54.662Z,2026/08/24 09:30:00,2026/08/28 08:30:00,VIC1,687.203,713.7,449.424,822.253,2026/08/24 09:21:59
2026-08-23T23:40:54.662Z,2026/08/24 09:30:00,2026/08/28 09:00:00,VIC1,1125.357,1171.252,736.462,1346.115,2026/08/24 09:21:59
2026-08-23T23:40:54.662Z,2026/08/24 09:30:00,2026/08/28 09:30:00,VIC1,1565.995,1632.614,1023.8,1870.822,2026/08/24 09:21:59
2026-08-23T23:40:54.662Z,2026/08/24 09:30:00,2026/08/28 10:00:00,VIC1,1970.124,2061.929,1313.671,2349.417,2026/08/24 09:21:59
2026-08-23T23:40:54.662Z,2026/08/24 09:30:00,2026/08/28 10:30:00,VIC1,2275.409,2378.163,1523.895,2708.838,2026/08/24 09:21:59
2026-08-23T23:40:54.662Z,2026/08/24 09:30:00,2026/08/28 11:00:00,VIC1,2515.29,2625.404,1698.641,2989.013,2026/08/24 09:21:59
2026-08-23T23:40:54.662Z,2026/08/24 09:30:00,2026/08/28 11:30:00,VIC1,2685.079,2801.038,1769.393,3178.12,2026/08/24 09:21:59
2026-08-23T23:40:54.662Z,2026/08/24 09:30:00,2026/08/28 12:00:00,VIC1,2786.851,2893.346,1829.151,3298.594,2026/08/24 09:21:59
2026-08-23T23:40:54.662Z,2026/08/24 09:30:00,2026/08/28 12:30:00,VIC1,2817.132,2932.73,1870.569,3337.121,2026/08/24 09:21:59
2026-08-23T23:40:54.662Z,2026/08/24 09:30:00,2026/08/28 13:00:00,VIC1,2782.57,2892.242,1861.496,3296.609,2026/08/24 09:21:59
2026-08-23T23:40:54.662Z,2026/08/24 09:30:00,2026/08/28 13:30:00,VIC1,2675.23,2782.86,1819.51,3171.441,2026/08/24 09:21:59
2026-08-23T23:40:54.662Z,2026/08/24 09:30:00,2026/08/28 14:00:00,VIC1,2499.682,2595.88,1723.545,2961.205,2026/08/24 09:21:59
2026-08-23T23:40:54.662Z,2026/08/24 09:30:00,2026/08/28 14:30:00,VIC1,2256.161,2347.222,1559.092,2672.278,2026/08/24 09:21:59
2026-08-23T23:40:54.662Z,2026/08/24 09:30:00,2026/08/28 15:00:00,VIC1,1954.838,2040.464,1358.456,2327.88,2026/08/24 09:21:59
2026-08-23T23:40:54.662Z,2026/08/24 09:30:00,2026/08/28 15:30:00,VIC1,1607.478,1678.571,1135.088,1932.854,2026/08/24 09:21:59
2026-08-23T23:40:54.662Z,2026/08/24 09:30:00,2026/08/28 16:00:00,VIC1,1228.078,1284.225,940.711,1492.421,2026/08/24 09:21:59
2026-08-23T23:40:54.662Z,2026/08/24 09:30:00,2026/08/28 16:30:00,VIC1,826.986,869.709,637.494,1014.058,2026/08/24 09:21:59
2026-08-23T23:40:54.662Z,2026/08/24 09:30:00,2026/08/28 17:00:00,VIC1,440.123,464.334,335.587,544.76,2026/08/24 09:21:59
2026-08-23T23:40:54.662Z,2026/08/24 09:30:00,2026/08/28 17:30:00,VIC1,119.566,125.031,84.458,161.543,2026/08/24 09:21:59
2026-08-23T23:40:54.662Z,2026/08/24 09:30:00,2026/08/28 18:00:00,VIC1,0,0,0,5.104,2026/08/24 09:21:59
2026-08-23T23:40:54.662Z,2026/08/24 09:30:00,2026/08/28 18:30:00,VIC1,0,0,0,0,2026/08/24 09:21:59
2026-08-23T23:40:54.662Z,2026/08/24 09:30:00,2026/08/28 19:00:00,VIC1,0,0,0,0,2026/08/24 09:21:59
2026-08-23T23:40:54.662Z,2026/08/24 09:30:00,2026/08/28 19:30:00,VIC1,0,0,0,0,2026/08/24 09:21:59
2026-08-23T23:40:54.662Z,2026/08/24 09:30:00,2026/08/28 20:00:00,VIC1,0,0,0,0,2026/08/24 09:21:59
2026-08-23T23:40:54.662Z,2026/08/24 09:30:00,2026/08/28 20:30:00,VIC1,0,0,0,0,2026/08/24 09:21:59
2026-08-23T23:40:54.662Z,2026/08/24 09:30:00,2026/08/28 21:00:00,VIC1,0,0,0,0,2026/08/24 09:21:59
2026-08-23T23:40:54.662Z,2026/08/24 09:30:00,2026/08/28 21:30:00,VIC1,0,0,0,0,2026/08/24 09:21:59
2026-08-23T23:40:54.662Z,2026/08/24 09:30:00,2026/08/28 22:00:00,VIC1,0,0,0,0,2026/08/24 09:21:59
2026-08-23T23:40:54.662Z,2026/08/24 09:30:00,2026/08/28 22:30:00,VIC1,0,0,0,0,2026/08/24 09:21:59
2026-08-23T23:40:54.662Z,2026/08/24 09:30:00,2026/08/28 23:00:00,VIC1,0,0,0,0,2026/08/24 09:21:59
2026-08-23T23:40:54.662Z,2026/08/24 09:30:00,2026/08/28 23:30:00,VIC1,0,0,0,0,2026/08/24 09:21:59
2026-08-23T23:40:54.662Z,2026/08/24 09:30:00,2026/08/29 00:00:00,VIC1,0,0,0,0,2026/08/24 09:21:59
2026-08-23T23:40:54.662Z,2026/08/24 09:30:00,2026/08/29 00:30:00,VIC1,0,0,0,0,2026/08/24 09:21:59
2026-08-23T23:40:54.662Z,2026/08/24 09:30:00,2026/08/29 01:00:00,VIC1,0,0,0,0,2026/08/24 09:21:59
2026-08-23T23:40:54.662Z,2026/08/24 09:30:00,2026/08/29 01:30:00,VIC1,0,0,0,0,2026/08/24 09:21:59
2026-08-23T23:40:54.662Z,2026/08/24 09:30:00,2026/08/29 02:00:00,VIC1,0,0,0,0,2026/08/24 09:21:59
2026-08-23T23:40:54.662Z,2026/08/24 09:30:00,2026/08/29 02:30:00,VIC1,0,0,0,0,2026/08/24 09:21:59
2026-08-23T23:40:54.662Z,2026/08/24 09:30:00,2026/08/29 03:00:00,VIC1,0,0,0,0,2026/08/24 09:21:59
2026-08-23T23:40:54.662Z,2026/08/24 09:30:00,2026/08/29 03:30:00,VIC1,0,0,0,0,2026/08/24 09:21:59
2026-08-23T23:40:54.662Z,2026/08/24 09:30:00,2026/08/29 04:00:00,VIC1,0,0,0,0,2026/08/24 09:21:59
2026-08-23T23:40:54.662Z,2026/08/24 09:30:00,2026/08/29 04:30:00,VIC1,0,0,0,0,2026/08/24 09:21:59
2026-08-23T23:40:54.662Z,2026/08/24 09:30:00,2026/08/29 05:00:00,VIC1,0,0,0,0,2026/08/24 09:21:59
2026-08-23T23:40:54.662Z,2026/08/24 09:30:00,2026/08/29 05:30:00,VIC1,0,0,0,0,2026/08/24 09:21:59
2026-08-23T23:40:54.662Z,2026/08/24 09:30:00,2026/08/29 06:00:00,VIC1,0,0,0,0,2026/08/24 09:21:59
2026-08-23T23:40:54.662Z,2026/08/24 09:30:00,2026/08/29 06:30:00,VIC1,0,0,0,0,2026/08/24 09:21:59
2026-08-23T23:40:54.662Z,2026/08/24 09:30:00,2026/08/29 07:00:00,VIC1,0,0,0,0,2026/08/24 09:21:59
2026-08-23T23:40:54.662Z,2026/08/24 09:30:00,2026/08/29 07:30:00,VIC1,33.752,22.52,0,36.668,2026/08/24 09:21:59
2026-08-23T23:40:54.662Z,2026/08/24 09:30:00,2026/08/29 08:00:00,VIC1,257.392,267.348,189.366,350.911,2026/08/24 09:21:59
2026-08-23T23:40:54.662Z,2026/08/24 09:30:00,2026/08/29 08:30:00,VIC1,574.63,616.951,452.376,764.757,2026/08/24 09:21:59
2026-08-23T23:40:54.662Z,2026/08/24 09:30:00,2026/08/29 09:00:00,VIC1,912.443,987.419,723.144,1202.618,2026/08/24 09:21:59
2026-08-23T23:40:54.662Z,2026/08/24 09:30:00,2026/08/29 09:30:00,VIC1,1247.515,1354.076,984.808,1632.885,2026/08/24 09:21:59
2026-08-23T23:40:54.662Z,2026/08/24 09:30:00,2026/08/29 10:00:00,VIC1,1563.341,1698.935,1231.654,2025.705,2026/08/24 09:21:59
2026-08-23T23:40:54.662Z,2026/08/24 09:30:00,2026/08/29 10:30:00,VIC1,1830.156,1993.508,1435.326,2348.673,2026/08/24 09:21:59
2026-08-23T23:40:54.662Z,2026/08/24 09:30:00,2026/08/29 11:00:00,VIC1,2051.696,2241.13,1616.79,2620.357,2026/08/24 09:21:59
2026-08-23T23:40:54.662Z,2026/08/24 09:30:00,2026/08/29 11:30:00,VIC1,2220.351,2420.953,1768.248,2826.317,2026/08/24 09:21:59
2026-08-23T23:40:54.662Z,2026/08/24 09:30:00,2026/08/29 12:00:00,VIC1,2328.496,2541.577,1819.345,2952.107,2026/08/24 09:21:59
2026-08-23T23:40:54.662Z,2026/08/24 09:30:00,2026/08/29 12:30:00,VIC1,2367.478,2575.241,1903.654,2994.956,2026/08/24 09:21:59
2026-08-23T23:40:54.662Z,2026/08/24 09:30:00,2026/08/29 13:00:00,VIC1,2348.251,2543.91,1868.704,2976.454,2026/08/24 09:21:59
2026-08-23T23:40:54.662Z,2026/08/24 09:30:00,2026/08/29 13:30:00,VIC1,2268.759,2444.919,1759.22,2881.24,2026/08/24 09:21:59
2026-08-23T23:40:54.662Z,2026/08/24 09:30:00,2026/08/29 14:00:00,VIC1,2135.749,2294.876,1650.235,2727.763,2026/08/24 09:21:59
2026-08-23T23:40:54.662Z,2026/08/24 09:30:00,2026/08/29 14:30:00,VIC1,1941.151,2086.087,1484.047,2495.141,2026/08/24 09:21:59
2026-08-23T23:40:54.662Z,2026/08/24 09:30:00,2026/08/29 15:00:00,VIC1,1692.837,1815.01,1262.597,2194.977,2026/08/24 09:21:59
2026-08-23T23:40:54.662Z,2026/08/24 09:30:00,2026/08/29 15:30:00,VIC1,1402.396,1502.789,1010.917,1829.278,2026/08/24 09:21:59
2026-08-23T23:40:54.662Z,2026/08/24 09:30:00,2026/08/29 16:00:00,VIC1,1083.995,1161.246,768.45,1403.321,2026/08/24 09:21:59
2026-08-23T23:40:54.662Z,2026/08/24 09:30:00,2026/08/29 16:30:00,VIC1,738.294,783.464,516.565,958.133,2026/08/24 09:21:59
2026-08-23T23:40:54.662Z,2026/08/24 09:30:00,2026/08/29 17:00:00,VIC1,400.152,420.118,273.101,523.493,2026/08/24 09:21:59
2026-08-23T23:40:54.662Z,2026/08/24 09:30:00,2026/08/29 17:30:00,VIC1,113.47,110.2,59.163,159.118,2026/08/24 09:21:59
2026-08-23T23:40:54.662Z,2026/08/24 09:30:00,2026/08/29 18:00:00,VIC1,0,0,0,13.136,2026/08/24 09:21:59
2026-08-23T23:40:54.662Z,2026/08/24 09:30:00,2026/08/29 18:30:00,VIC1,0,0,0,0,2026/08/24 09:21:59
2026-08-23T23:40:54.662Z,2026/08/24 09:30:00,2026/08/29 19:00:00,VIC1,0,0,0,0,2026/08/24 09:21:59
2026-08-23T23:40:54.662Z,2026/08/24 09:30:00,2026/08/29 19:30:00,VIC1,0,0,0,0,2026/08/24 09:21:59
2026-08-23T23:40:54.662Z,2026/08/24 09:30:00,2026/08/29 20:00:00,VIC1,0,0,0,0,2026/08/24 09:21:59
2026-08-23T23:40:54.662Z,2026/08/24 09:30:00,2026/08/29 20:30:00,VIC1,0,0,0,0,2026/08/24 09:21:59
2026-08-23T23:40:54.662Z,2026/08/24 09:30:00,2026/08/29 21:00:00,VIC1,0,0,0,0,2026/08/24 09:21:59
2026-08-23T23:40:54.662Z,2026/08/24 09:30:00,2026/08/29 21:30:00,VIC1,0,0,0,0,2026/08/24 09:21:59
2026-08-23T23:40:54.662Z,2026/08/24 09:30:00,2026/08/29 22:00:00,VIC1,0,0,0,0,2026/08/24 09:21:59
2026-08-23T23:40:54.662Z,2026/08/24 09:30:00,2026/08/29 22:30:00,VIC1,0,0,0,0,2026/08/24 09:21:59
2026-08-23T23:40:54.662Z,2026/08/24 09:30:00,2026/08/29 23:00:00,VIC1,0,0,0,0,2026/08/24 09:21:59
2026-08-23T23:40:54.662Z,2026/08/24 09:30:00,2026/08/29 23:30:00,VIC1,0,0,0,0,2026/08/24 09:21:59
2026-08-23T23:40:54.662Z,2026/08/24 09:30:00,2026/08/30 00:00:00,VIC1,0,0,0,0,2026/08/24 09:21:59
2026-08-23T23:40:54.662Z,2026/08/24 09:30:00,2026/08/30 00:30:00,VIC1,0,0,0,0,2026/08/24 09:21:59
2026-08-23T23:40:54.662Z,2026/08/24 09:30:00,2026/08/30 01:00:00,VIC1,0,0,0,0,2026/08/24 09:21:59
2026-08-23T23:40:54.662Z,2026/08/24 09:30:00,2026/08/30 01:30:00,VIC1,0,0,0,0,2026/08/24 09:21:59
2026-08-23T23:40:54.662Z,2026/08/24 09:30:00,2026/08/30 02:00:00,VIC1,0,0,0,0,2026/08/24 09:21:59
2026-08-23T23:40:54.662Z,2026/08/24 09:30:00,2026/08/30 02:30:00,VIC1,0,0,0,0,2026/08/24 09:21:59
2026-08-23T23:40:54.662Z,2026/08/24 09:30:00,2026/08/30 03:00:00,VIC1,0,0,0,0,2026/08/24 09:21:59
2026-08-23T23:40:54.662Z,2026/08/24 09:30:00,2026/08/30 03:30:00,VIC1,0,0,0,0,2026/08/24 09:21:59
2026-08-23T23:40:54.662Z,2026/08/24 09:30:00,2026/08/30 04:00:00,VIC1,0,0,0,0,2026/08/24 09:21:59
2026-08-23T23:40:54.662Z,2026/08/24 09:30:00,2026/08/30 04:30:00,VIC1,0,0,0,0,2026/08/24 09:21:59
2026-08-23T23:40:54.662Z,2026/08/24 09:30:00,2026/08/30 05:00:00,VIC1,0,0,0,0,2026/08/24 09:21:59
2026-08-23T23:40:54.662Z,2026/08/24 09:30:00,2026/08/30 05:30:00,VIC1,0,0,0,0,2026/08/24 09:21:59
2026-08-23T23:40:54.662Z,2026/08/24 09:30:00,2026/08/30 06:00:00,VIC1,0,0,0,0,2026/08/24 09:21:59
2026-08-23T23:40:54.662Z,2026/08/24 09:30:00,2026/08/30 06:30:00,VIC1,0,0,0,0,2026/08/24 09:21:59
2026-08-23T23:40:54.662Z,2026/08/24 09:30:00,2026/08/30 07:00:00,VIC1,0,4.885,0.931,11.049,2026/08/24 09:21:59
2026-08-23T23:40:54.662Z,2026/08/24 09:30:00,2026/08/30 07:30:00,VIC1,37.144,49.275,10.979,76.73,2026/08/24 09:21:59
2026-08-23T23:40:54.662Z,2026/08/24 09:30:00,2026/08/30 08:00:00,VIC1,283.223,284.154,177.374,375.89,2026/08/24 09:21:59
2026-08-23T23:40:54.662Z,2026/08/24 09:30:00,2026/08/30 08:30:00,VIC1,632.901,642.018,448.059,810.153,2026/08/24 09:21:59
2026-08-23T23:40:54.662Z,2026/08/24 09:30:00,2026/08/30 09:00:00,VIC1,1016.256,1048.477,742.886,1292.447,2026/08/24 09:21:59
2026-08-23T23:40:54.662Z,2026/08/24 09:30:00,2026/08/30 09:30:00,VIC1,1396.283,1456.65,1042.658,1772.556,2026/08/24 09:21:59
2026-08-23T23:40:54.662Z,2026/08/24 09:30:00,2026/08/30 10:00:00,VIC1,1746.692,1843.875,1323.106,2217.818,2026/08/24 09:21:59
2026-08-23T23:40:54.662Z,2026/08/24 09:30:00,2026/08/30 10:30:00,VIC1,2029.84,2161.667,1554.305,2581.883,2026/08/24 09:21:59
2026-08-23T23:40:54.662Z,2026/08/24 09:30:00,2026/08/30 11:00:00,VIC1,2258.976,2427.169,1734.56,2874.567,2026/08/24 09:21:59
2026-08-23T23:40:54.662Z,2026/08/24 09:30:00,2026/08/30 11:30:00,VIC1,2428.784,2625.81,1867.403,3093.036,2026/08/24 09:21:59
2026-08-23T23:40:54.662Z,2026/08/24 09:30:00,2026/08/30 12:00:00,VIC1,2537.146,2766.699,2005.784,3246.119,2026/08/24 09:21:59
2026-08-23T23:40:54.662Z,2026/08/24 09:30:00,2026/08/30 12:30:00,VIC1,2581.014,2827.343,2058.758,3322.077,2026/08/24 09:21:59
2026-08-23T23:40:54.662Z,2026/08/24 09:30:00,2026/08/30 13:00:00,VIC1,2564.758,2805.964,2044.29,3303.335,2026/08/24 09:21:59
2026-08-23T23:40:54.662Z,2026/08/24 09:30:00,2026/08/30 13:30:00,VIC1,2470.41,2683.309,1994.858,3190.434,2026/08/24 09:21:59
2026-08-23T23:40:54.662Z,2026/08/24 09:30:00,2026/08/30 14:00:00,VIC1,2317.335,2507.007,1874.319,2989.077,2026/08/24 09:21:59
2026-08-23T23:40:54.662Z,2026/08/24 09:30:00,2026/08/30 14:30:00,VIC1,2104.758,2266.305,1704.686,2720.228,2026/08/24 09:21:59
2026-08-23T23:40:54.662Z,2026/08/24 09:30:00,2026/08/30 15:00:00,VIC1,1838.776,1967.674,1444.325,2379.974,2026/08/24 09:21:59
2026-08-23T23:40:54.662Z,2026/08/24 09:30:00,2026/08/30 15:30:00,VIC1,1530.943,1627.324,1176.872,1974.332,2026/08/24 09:21:59
2026-08-23T23:40:54.662Z,2026/08/24 09:30:00,2026/08/30 16:00:00,VIC1,1189.238,1250.172,897.986,1536.758,2026/08/24 09:21:59
2026-08-23T23:40:54.662Z,2026/08/24 09:30:00,2026/08/30 16:30:00,VIC1,813.96,854.957,604.496,1049.043,2026/08/24 09:21:59
2026-08-23T23:40:54.662Z,2026/08/24 09:30:00,2026/08/30 17:00:00,VIC1,449.451,466.765,329.131,582.229,2026/08/24 09:21:59
2026-08-23T23:40:54.662Z,2026/08/24 09:30:00,2026/08/30 17:30:00,VIC1,138.724,137.336,78.923,187.445,2026/08/24 09:21:59
2026-08-23T23:40:54.662Z,2026/08/24 09:30:00,2026/08/30 18:00:00,VIC1,0,15.069,12.044,15.542,2026/08/24 09:21:59
2026-08-23T23:40:54.662Z,2026/08/24 09:30:00,2026/08/30 18:30:00,VIC1,0,0,0,0,2026/08/24 09:21:59
2026-08-23T23:40:54.662Z,2026/08/24 09:30:00,2026/08/30 19:00:00,VIC1,0,0,0,0,2026/08/24 09:21:59
2026-08-23T23:40:54.662Z,2026/08/24 09:30:00,2026/08/30 19:30:00,VIC1,0,0,0,0,2026/08/24 09:21:59
2026-08-23T23:40:54.662Z,2026/08/24 09:30:00,2026/08/30 20:00:00,VIC1,0,0,0,0,2026/08/24 09:21:59
2026-08-23T23:40:54.662Z,2026/08/24 09:30:00,2026/08/30 20:30:00,VIC1,0,0,0,0,2026/08/24 09:21:59
2026-08-23T23:40:54.662Z,2026/08/24 09:30:00,2026/08/30 21:00:00,VIC1,0,0,0,0,2026/08/24 09:21:59
2026-08-23T23:40:54.662Z,2026/08/24 09:30:00,2026/08/30 21:30:00,VIC1,0,0,0,0,2026/08/24 09:21:59
2026-08-23T23:40:54.662Z,2026/08/24 09:30:00,2026/08/30 22:00:00,VIC1,0,0,0,0,2026/08/24 09:21:59
2026-08-23T23:40:54.662Z,2026/08/24 09:30:00,2026/08/30 22:30:00,VIC1,0,0,0,0,2026/08/24 09:21:59
2026-08-23T23:40:54.662Z,2026/08/24 09:30:00,2026/08/30 23:00:00,VIC1,0,0,0,0,2026/08/24 09:21:59
2026-08-23T23:40:54.662Z,2026/08/24 09:30:00,2026/08/30 23:30:00,VIC1,0,0,0,0,2026/08/24 09:21:59
2026-08-23T23:40:54.662Z,2026/08/24 09:30:00,2026/08/31 00:00:00,VIC1,0,0,0,0,2026/08/24 09:21:59
2026-08-23T23:40:54.662Z,2026/08/24 09:30:00,2026/08/31 00:30:00,VIC1,0,0,0,0,2026/08/24 09:21:59
2026-08-23T23:40:54.662Z,2026/08/24 09:30:00,2026/08/31 01:00:00,VIC1,0,0,0,0,2026/08/24 09:21:59
2026-08-23T23:40:54.662Z,2026/08/24 09:30:00,2026/08/31 01:30:00,VIC1,0,0,0,0,2026/08/24 09:21:59
2026-08-23T23:40:54.662Z,2026/08/24 09:30:00,2026/08/31 02:00:00,VIC1,0,0,0,0,2026/08/24 09:21:59
2026-08-23T23:40:54.662Z,2026/08/24 09:30:00,2026/08/31 02:30:00,VIC1,0,0,0,0,2026/08/24 09:21:59
2026-08-23T23:40:54.662Z,2026/08/24 09:30:00,2026/08/31 03:00:00,VIC1,0,0,0,0,2026/08/24 09:21:59
2026-08-23T23:40:54.662Z,2026/08/24 09:30:00,2026/08/31 03:30:00,VIC1,0,0,0,0,2026/08/24 09:21:59
2026-08-23T23:40:54.662Z,2026/08/24 09:30:00,2026/08/31 04:00:00,VIC1,0,0,0,0,2026/08/24 09:21:59
2026-08-23T23:40:54.662Z,2026/08/24 09:30:00,2026/08/31 04:30:00,VIC1,0,0,0,0,2026/08/24 09:21:59
2026-08-23T23:40:54.662Z,2026/08/24 09:30:00,2026/08/31 05:00:00,VIC1,0,0,0,0,2026/08/24 09:21:59
2026-08-23T23:40:54.662Z,2026/08/24 09:30:00,2026/08/31 05:30:00,VIC1,0,0,0,0,2026/08/24 09:21:59
2026-08-23T23:40:54.662Z,2026/08/24 09:30:00,2026/08/31 06:00:00,VIC1,0,0,0,0,2026/08/24 09:21:59
2026-08-23T23:40:54.662Z,2026/08/24 09:30:00,2026/08/31 06:30:00,VIC1,0,0,0,0,2026/08/24 09:21:59
2026-08-23T23:40:54.662Z,2026/08/24 09:30:00,2026/08/31 07:00:00,VIC1,0,0,0,7.88,2026/08/24 09:21:59
2026-08-23T23:40:54.662Z,2026/08/24 09:30:00,2026/08/31 07:30:00,VIC1,72.781,74.973,37.03,108.784,2026/08/24 09:21:59
2026-08-23T23:40:54.662Z,2026/08/24 09:30:00,2026/08/31 08:00:00,VIC1,339.101,366.098,234.724,460.577,2026/08/24 09:21:59
2026-08-23T23:40:54.662Z,2026/08/24 09:30:00,2026/08/31 08:30:00,VIC1,705.983,772.383,512.832,928.294,2026/08/24 09:21:59
2026-08-23T23:40:54.662Z,2026/08/24 09:30:00,2026/08/31 09:00:00,VIC1,1096.187,1195.658,795.789,1424.356,2026/08/24 09:21:59
2026-08-23T23:40:54.662Z,2026/08/24 09:30:00,2026/08/31 09:30:00,VIC1,1487.748,1616.287,1081.252,1910.288,2026/08/24 09:21:59
2026-08-23T23:40:54.662Z,2026/08/24 09:30:00,2026/08/31 10:00:00,VIC1,2134.77,2285.806,1354.196,2579.929,2026/08/24 09:21:59
2026-08-23T23:40:54.662Z,2026/08/24 09:30:00,2026/08/31 10:30:00,VIC1,2462.302,2619.203,1495.168,2950.976,2026/08/24 09:21:59
2026-08-23T23:40:54.662Z,2026/08/24 09:30:00,2026/08/31 11:00:00,VIC1,2729.913,2889.514,1608.821,3261.549,2026/08/24 09:21:59
2026-08-23T23:40:54.662Z,2026/08/24 09:30:00,2026/08/31 11:30:00,VIC1,2927.842,3089.036,1681.173,3494.478,2026/08/24 09:21:59
2026-08-23T23:40:54.662Z,2026/08/24 09:30:00,2026/08/31 12:00:00,VIC1,3049.945,3213.471,1740.51,3621.602,2026/08/24 09:21:59
2026-08-23T23:40:54.662Z,2026/08/24 09:30:00,2026/08/31 12:30:00,VIC1,3093.286,3272.025,1811.151,3688.961,2026/08/24 09:21:59
2026-08-23T23:40:54.662Z,2026/08/24 09:30:00,2026/08/31 13:00:00,VIC1,3067.101,3236.408,1773.081,3659.031,2026/08/24 09:21:59
2026-08-23T23:40:54.662Z,2026/08/24 09:30:00,2026/08/31 13:30:00,VIC1,2974.405,3149.092,1728.446,3562.432,2026/08/24 09:21:59
2026-08-23T23:40:54.662Z,2026/08/24 09:30:00,2026/08/31 14:00:00,VIC1,2818.415,2989.801,1653.396,3387.327,2026/08/24 09:21:59
2026-08-23T23:40:54.662Z,2026/08/24 09:30:00,2026/08/31 14:30:00,VIC1,2588.966,2758.854,1511.279,3133.388,2026/08/24 09:21:59
2026-08-23T23:40:54.662Z,2026/08/24 09:30:00,2026/08/31 15:00:00,VIC1,2293.281,2458.046,1382.586,2795.329,2026/08/24 09:21:59
2026-08-23T23:40:54.662Z,2026/08/24 09:30:00,2026/08/31 15:30:00,VIC1,1935.302,2087.219,1160.477,2375.174,2026/08/24 09:21:59
2026-08-23T23:40:54.662Z,2026/08/24 09:30:00,2026/08/31 16:00:00,VIC1,1518.759,1641.386,893.581,1866.752,2026/08/24 09:21:59
2026-08-23T23:40:54.662Z,2026/08/24 09:30:00,2026/08/31 16:30:00,VIC1,1078.575,1142.694,601.478,1304.99,2026/08/24 09:21:59
2026-08-23T23:40:54.662Z,2026/08/24 09:30:00,2026/08/31 17:00:00,VIC1,659.925,669.074,350.054,766.039,2026/08/24 09:21:59
2026-08-23T23:40:54.662Z,2026/08/24 09:30:00,2026/08/31 17:30:00,VIC1,276.93,278.96,161.492,310.795,2026/08/24 09:21:59
2026-08-23T23:40:54.662Z,2026/08/24 09:30:00,2026/08/31 18:00:00,VIC1,0,27.567,18.68,47.413,2026/08/24 09:21:59
2026-08-23T23:40:54.662Z,2026/08/24 09:30:00,2026/08/31 18:30:00,VIC1,0,0,0,0,2026/08/24 09:21:59
2026-08-23T23:40:54.662Z,2026/08/24 09:30:00,2026/08/31 19:00:00,VIC1,0,0,0,0,2026/08/24 09:21:59
2026-08-23T23:40:54.662Z,2026/08/24 09:30:00,2026/08/31 19:30:00,VIC1,0,0,0,0,2026/08/24 09:21:59
2026-08-23T23:40:54.662Z,2026/08/24 09:30:00,2026/08/31 20:00:00,VIC1,0,0,0,0,2026/08/24 09:21:59
2026-08-23T23:40:54.662Z,2026/08/24 09:30:00,2026/08/31 20:30:00,VIC1,0,0,0,0,2026/08/24 09:21:59
2026-08-23T23:40:54.662Z,2026/08/24 09:30:00,2026/08/31 21:00:00,VIC1,0,0,0,0,2026/08/24 09:21:59
2026-08-23T23:40:54.662Z,2026/08/24 09:30:00,2026/08/31 21:30:00,VIC1,0,0,0,0,2026/08/24 09:21:59
2026-08-23T23:40:54.662Z,2026/08/24 09:30:00,2026/08/31 22:00:00,VIC1,0,0,0,0,2026/08/24 09:21:59
2026-08-23T23:40:54.662Z,2026/08/24 09:30:00,2026/08/31 22:30:00,VIC1,0,0,0,0,2026/08/24 09:21:59
2026-08-23T23:40:54.662Z,2026/08/24 09:30:00,2026/08/31 23:00:00,VIC1,0,0,0,0,2026/08/24 09:21:59
2026-08-23T23:40:54.662Z,2026/08/24 09:30:00,2026/08/31 23:30:00,VIC1,0,0,0,0,2026/08/24 09:21:59
2026-08-23T23:40:54.662Z,2026/08/24 09:30:00,2026/09/01 00:00:00,VIC1,0,0,0,0,2026/08/24 09:21:59
2026-08-23T23:40:54.662Z,2026/08/24 09:30:00,2026/09/01 00:30:00,VIC1,0,0,0,0,2026/08/24 09:21:59
2026-08-23T23:40:54.662Z,2026/08/24 09:30:00,2026/09/01 01:00:00,VIC1,0,0,0,0,2026/08/24 09:21:59
2026-08-23T23:40:54.662Z,2026/08/24 09:30:00,2026/09/01 01:30:00,VIC1,0,0,0,0,2026/08/24 09:21:59
2026-08-23T23:40:54.662Z,2026/08/24 09:30:00,2026/09/01 02:00:00,VIC1,0,0,0,0,2026/08/24 09:21:59
2026-08-23T23:40:54.662Z,2026/08/24 09:30:00,2026/09/01 02:30:00,VIC1,0,0,0,0,2026/08/24 09:21:59
2026-08-23T23:40:54.662Z,2026/08/24 09:30:00,2026/09/01 03:00:00,VIC1,0,0,0,0,2026/08/24 09:21:59
2026-08-23T23:40:54.662Z,2026/08/24 09:30:00,2026/09/01 03:30:00,VIC1,0,0,0,0,2026/08/24 09:21:59
2026-08-23T23:40:54.662Z,2026/08/24 09:30:00,2026/09/01 04:00:00,VIC1,0,0,0,0,2026/08/24 09:21:59
